CreditGrade,Term,LoanStatus,BorrowerAPR,BorrowerRate,LenderYield,EstimatedEffectiveYield,EstimatedLoss,EstimatedReturn,ProsperRating (numeric),ProsperRating (Alpha),ProsperScore,ListingCategory (numeric),BorrowerState,Occupation,EmploymentStatus,EmploymentStatusDuration,IsBorrowerHomeowner,CurrentlyInGroup,GroupKey,CreditScoreRangeLower,CreditScoreRangeUpper,FirstRecordedCreditLine,CurrentCreditLines,OpenCreditLines,TotalCreditLinespast7years,OpenRevolvingAccounts,OpenRevolvingMonthlyPayment,InquiriesLast6Months,TotalInquiries,CurrentDelinquencies,AmountDelinquent,DelinquenciesLast7Years,PublicRecordsLast10Years,PublicRecordsLast12Months,RevolvingCreditBalance,BankcardUtilization,AvailableBankcardCredit,TotalTrades,TradesNeverDelinquent (percentage),TradesOpenedLast6Months,DebtToIncomeRatio,IncomeRange,IncomeVerifiable,StatedMonthlyIncome,TotalProsperLoans,TotalProsperPaymentsBilled,OnTimeProsperPayments,ProsperPaymentsLessThanOneMonthLate,ProsperPaymentsOneMonthPlusLate,ProsperPrincipalBorrowed,ProsperPrincipalOutstanding,LoanOriginalAmount,MonthlyLoanPayment,PercentFunded,Recommendations,InvestmentFromFriendsCount,InvestmentFromFriendsAmount,Investors
Unknown,36,1,0.30532,0.2699,0.2599,0.2534,0.108,0.1454,3.0,D,6.0,1,NY,Food Service,Employed,59.0,False,False,Unknown,700.0,719.0,2005-02-20 00:00:00,5.0,4.0,33.0,3,196.0,0.0,1.0,0.0,0.0,0.0,0.0,0.0,2702.0,0.5,2780.0,12.0,0.83,0.0,0.57,"$1-24,999",True,1208.333333,0.0,0.0,0.0,0.0,0.0,0.0,0.0,4000,163.28,1.0,0,0,0.0,66
D,36,0,0.22236999999999998,0.2,0.19,0.18085,,,4.0,Unknown,6.0,1,IL,Teacher,Full-time,224.0,True,False,Unknown,620.0,639.0,1974-03-01 00:00:00,12.0,12.0,40.0,10,743.0,8.0,19.0,0.0,0.0,1.0,2.0,0.0,25520.0,0.99,154.0,34.0,0.67,1.0,0.13,"$75,000-99,999",True,7445.416667,0.0,0.0,0.0,0.0,0.0,0.0,0.0,1300,48.31,1.0,0,0,0.0,54
D,36,1,0.18224,0.175,0.16,0.15585,,,4.0,Unknown,6.0,0,Unknown,Civil Service,Full-time,0.0,True,True,CD0E3364909037313F32874,600.0,619.0,1988-10-07 00:00:00,5.0,3.0,23.0,2,0.0,0.0,0.0,2.0,460.0,17.0,0.0,0.0,0.0,0.0,3000.0,16.0,0.27,0.0,0.3,"$50,000-74,999",True,4166.666667,0.0,0.0,0.0,0.0,0.0,0.0,0.0,4900,175.92,1.0,0,0,0.0,134
AA,36,1,0.08354,0.075,0.075,0.05585,,,4.0,Unknown,6.0,4,CA,Teacher,Full-time,114.0,True,False,Unknown,820.0,839.0,1993-02-23 00:00:00,9.0,7.0,23.0,8,126.0,1.0,3.0,0.0,0.0,0.0,0.0,0.0,14833.0,0.0,62476.0,22.0,1.0,1.0,0.02,"$50,000-74,999",True,4583.333333,0.0,0.0,0.0,0.0,0.0,0.0,0.0,2000,62.21,1.0,0,0,0.0,50
Unknown,36,1,0.22741999999999998,0.1902,0.1802,0.176,0.065,0.111,4.0,C,4.0,1,GA,Principal,Employed,118.0,True,False,Unknown,660.0,679.0,1990-04-30 00:00:00,22.0,20.0,49.0,14,689.0,0.0,4.0,0.0,0.0,0.0,0.0,0.0,23081.0,0.98,337.0,42.0,0.95,0.0,0.52,"$75,000-99,999",True,7000.0,2.0,46.0,46.0,0.0,0.0,11600.0,5783.78,12500,458.33,1.0,0,0,0.0,16
Unknown,60,1,0.35838000000000003,0.3304,0.3204,0.3057,0.149,0.1567,2.0,E,1.0,7,AZ,Professional,Employed,277.0,True,False,Unknown,660.0,679.0,1997-10-06 00:00:00,12.0,11.0,32.0,5,210.0,2.0,10.0,0.0,0.0,0.0,1.0,0.0,6574.0,0.95,215.0,22.0,1.0,3.0,0.31,"$50,000-74,999",True,4723.333333,4.0,63.0,62.0,1.0,0.0,9500.0,3562.57,4000,136.98,1.0,0,0,0.0,30
A,36,1,0.11887,0.1119,0.1019,0.09275,,,4.0,Unknown,6.0,0,IL,Analyst,Full-time,19.0,False,False,Unknown,740.0,759.0,2000-09-29 00:00:00,17.0,15.0,27.0,10,198.0,0.0,3.0,0.0,0.0,0.0,0.0,0.0,6748.0,0.33,13252.0,22.0,1.0,0.0,0.31,"$25,000-49,999",True,4041.666667,1.0,14.0,14.0,0.0,0.0,5000.0,3095.43,9000,295.46,1.0,0,0,0.0,205
Unknown,36,0,0.30532,0.2699,0.2599,0.2534,0.108,0.1454,3.0,D,6.0,1,TN,Food Service,Employed,33.0,False,False,Unknown,720.0,739.0,2003-04-30 00:00:00,2.0,2.0,2.0,2,35.0,3.0,3.0,0.0,0.0,0.0,0.0,0.0,1502.0,0.13,9500.0,2.0,1.0,0.0,0.17,"$1-24,999",True,1416.666667,0.0,0.0,0.0,0.0,0.0,0.0,0.0,5000,204.1,1.0,0,0,0.0,83
Unknown,12,1,0.25295,0.1546,0.1446,0.1414,0.0765,0.0649,4.0,C,2.0,1,CO,Professional,Employed,56.0,True,True,8E5A3365665729204E57173,740.0,759.0,1999-09-26 00:00:00,23.0,22.0,33.0,17,308.0,9.0,9.0,0.0,0.0,0.0,0.0,0.0,4143.0,0.18,14171.0,30.0,0.93,4.0,0.24,"$75,000-99,999",True,7500.0,1.0,18.0,18.0,0.0,0.0,1000.0,459.03,5000,452.38,1.0,0,0,0.0,103
AA,36,1,0.08634,0.0795,0.0795,0.06035,,,4.0,Unknown,6.0,3,MI,Construction,Full-time,141.0,True,False,Unknown,760.0,779.0,1996-11-01 00:00:00,19.0,17.0,49.0,15,213.0,1.0,5.0,0.0,0.0,0.0,0.0,0.0,10651.0,0.11,83749.0,45.0,1.0,2.0,0.05,"$100,000+",True,8333.333333,1.0,8.0,8.0,0.0,0.0,2000.0,1596.66,6000,187.88,1.0,0,0,0.0,172
B,36,0,0.23949,0.232,0.222,0.21285,,,4.0,Unknown,6.0,0,OH,Professional,Full-time,94.0,False,False,Unknown,700.0,719.0,1997-03-26 00:00:00,8.0,7.0,30.0,5,123.0,5.0,11.0,1.0,5437.0,10.0,1.0,0.0,1792.0,0.24,3618.0,26.0,0.61,2.0,0.22,"$100,000+",True,8750.0,0.0,0.0,0.0,0.0,0.0,0.0,0.0,7500,291.11,1.0,1,0,0.0,62
Unknown,12,0,0.25785,0.1795,0.1695,0.1559,0.0975,0.0584,3.0,D,5.0,6,MI,Skilled Labor,Employed,74.0,False,False,Unknown,640.0,659.0,2004-12-31 00:00:00,4.0,4.0,15.0,1,108.0,0.0,10.0,0.0,0.0,0.0,0.0,0.0,4913.0,0.98,87.0,15.0,1.0,0.0,0.51,"$50,000-74,999",True,4166.666667,2.0,23.0,22.0,1.0,0.0,8000.0,0.0,9500,870.73,1.0,0,0,0.0,162
Unknown,36,0,0.39153000000000004,0.35,0.34,0.1369,0.183,0.1369,1.0,HR,5.0,7,VA,Professional,Full-time,355.0,True,False,Unknown,640.0,659.0,1988-02-01 00:00:00,9.0,12.0,51.0,8,559.0,1.0,1.0,6.0,8545.0,0.0,0.0,0.0,17228.0,0.79,3439.0,46.0,0.7,0.0,0.15,"$100,000+",True,12083.333333,0.0,0.0,0.0,0.0,0.0,0.0,0.0,1500,67.85,1.0,0,0,0.0,42
Unknown,36,0,0.35244000000000003,0.316,0.306,0.292,0.149,0.143,2.0,E,1.0,1,KY,Sales - Retail,Employed,4.0,False,False,Unknown,660.0,679.0,1997-09-26 00:00:00,9.0,7.0,54.0,7,148.0,7.0,14.0,0.0,0.0,8.0,1.0,0.0,2190.0,0.25,4000.0,44.0,0.77,6.0,0.17,"$50,000-74,999",True,4166.666667,1.0,12.0,12.0,0.0,0.0,2500.0,1879.95,6000,260.0,1.0,0,0,0.0,78
Unknown,12,1,0.13706,0.0609,0.0509,0.0509,0.02,0.0309,6.0,A,8.0,1,NY,Other,Employed,151.0,True,False,Unknown,840.0,859.0,1996-01-15 00:00:00,12.0,9.0,22.0,7,97.0,3.0,4.0,0.0,0.0,0.0,0.0,0.0,6474.0,0.09,64926.0,22.0,1.0,3.0,0.11,"$50,000-74,999",True,6000.0,1.0,2.0,2.0,0.0,0.0,7900.0,0.0,3475,299.22,1.0,1,1,2975.0,16
HR,36,0,0.30564,0.29,0.28,0.27085,,,4.0,Unknown,6.0,0,CA,Professional,Full-time,108.0,True,True,B0473364376920128370B13,520.0,539.0,1996-05-30 00:00:00,14.0,13.0,19.0,8,432.0,8.0,28.0,0.0,0.0,0.0,1.0,0.0,12760.0,0.8,1180.0,18.0,0.94,1.0,0.43,"$25,000-49,999",True,4033.0,0.0,0.0,0.0,0.0,0.0,0.0,0.0,5000,209.53,1.0,0,0,0.0,13
Unknown,36,1,0.19645,0.1599,0.1499,0.1417,0.0549,0.0868,5.0,B,4.0,1,TN,Other,Employed,128.0,False,False,Unknown,700.0,719.0,1989-03-27 00:00:00,13.0,12.0,45.0,12,470.0,0.0,2.0,0.0,0.0,0.0,0.0,0.0,8827.0,0.58,6217.0,36.0,1.0,0.0,0.33,"$25,000-49,999",True,2864.333333,0.0,0.0,0.0,0.0,0.0,0.0,0.0,10000,351.52,1.0,0,0,0.0,153
C,36,0,0.12562,0.1045,0.0945,0.08535,,,4.0,Unknown,6.0,3,MI,Sales - Retail,Part-time,10.0,False,False,Unknown,640.0,659.0,1995-12-03 00:00:00,6.0,6.0,20.0,3,29.0,0.0,2.0,0.0,0.0,0.0,1.0,0.0,5180.0,0.48,5420.0,17.0,0.72,0.0,0.17,"$25,000-49,999",True,3500.0,1.0,9.0,9.0,0.0,0.0,4000.0,3130.53,6000,194.87,1.0,0,0,0.0,152
Unknown,36,1,0.18183,0.16,0.15,0.1284,0.021,0.1284,6.0,A,10.0,1,NC,Professional,Full-time,108.0,True,False,Unknown,700.0,719.0,1984-04-09 00:00:00,14.0,13.0,37.0,12,2175.0,0.0,1.0,0.0,0.0,0.0,2.0,0.0,68658.0,0.73,24152.0,33.0,1.0,0.0,0.4,"$75,000-99,999",True,7016.666667,0.0,0.0,0.0,0.0,0.0,0.0,0.0,5000,175.79,1.0,0,0,0.0,57
B,36,1,0.17243,0.158,0.148,0.13885,,,4.0,Unknown,6.0,4,MN,Other,Part-time,8.0,False,False,Unknown,700.0,719.0,2002-03-13 00:00:00,4.0,3.0,14.0,2,68.0,1.0,5.0,0.0,0.0,0.0,0.0,0.0,1970.0,0.92,166.0,8.0,0.87,0.0,76.78,$0,False,0.0,0.0,0.0,0.0,0.0,0.0,0.0,0.0,3200,76.78,1.0,1,0,0.0,69
B,36,0,0.24255,0.2275,0.2175,0.20835,,,4.0,Unknown,6.0,4,MO,Other,Retired,237.0,False,False,Unknown,680.0,699.0,1989-02-13 00:00:00,0.0,0.0,6.0,0,0.0,0.0,1.0,2.0,9173.0,0.0,0.0,0.0,0.0,0.0,0.0,3.0,0.6,0.0,0.08,"$1-24,999",True,701.75,0.0,0.0,0.0,0.0,0.0,0.0,0.0,1500,57.87,1.0,0,0,0.0,22
B,36,0,0.15225999999999998,0.138,0.128,0.11885000000000001,,,4.0,Unknown,6.0,1,NJ,Professional,Full-time,6.0,False,False,Unknown,700.0,719.0,1992-02-01 00:00:00,8.0,7.0,11.0,5,495.0,2.0,5.0,0.0,0.0,0.0,0.0,0.0,16304.0,0.34,30296.0,10.0,0.9,0.0,0.4,"$25,000-49,999",True,2553.333333,1.0,8.0,8.0,0.0,0.0,9000.0,6952.58,5500,187.44,1.0,0,0,0.0,185
Unknown,36,1,0.10645,0.103,0.093,0.0779,0.015,0.0779,7.0,AA,9.0,1,OH,Doctor,Full-time,136.0,True,False,Unknown,840.0,859.0,1990-02-14 00:00:00,11.0,10.0,30.0,6,143.0,0.0,0.0,0.0,0.0,0.0,0.0,0.0,137.0,0.0,36163.0,27.0,1.0,0.0,0.13,"$100,000+",True,16666.666666999998,0.0,0.0,0.0,0.0,0.0,0.0,0.0,15000,486.12,1.0,0,0,0.0,518
D,36,0,0.23014,0.2177,0.1977,0.19855,,,4.0,Unknown,6.0,0,Unknown,Sales - Retail,Full-time,4.0,False,True,783C3371218786870A73D20,600.0,619.0,1994-08-19 00:00:00,1.0,1.0,5.0,1,0.0,1.0,2.0,1.0,0.0,0.0,4.0,0.0,240.0,0.8,60.0,5.0,0.8,1.0,0.04,"$1-24,999",True,1333.333333,0.0,0.0,0.0,0.0,0.0,0.0,0.0,1500,57.11,1.0,0,0,0.0,20
Unknown,36,1,0.34886999999999996,0.3125,0.3025,0.2848,0.17,0.1148,1.0,HR,3.0,2,MI,Nurse's Aide,Full-time,45.0,False,False,Unknown,620.0,639.0,1997-07-29 00:00:00,8.0,8.0,16.0,2,30.0,1.0,10.0,0.0,0.0,0.0,1.0,0.0,1231.0,0.91,119.0,16.0,1.0,0.0,0.66,"$25,000-49,999",True,2250.0,2.0,34.0,34.0,0.0,0.0,5000.0,1201.25,4000,172.56,1.0,0,0,0.0,30
AA,36,0,0.17879,0.1643,0.1543,0.14515,,,4.0,Unknown,6.0,3,MO,Construction,Self-employed,42.0,True,False,Unknown,780.0,799.0,1986-04-01 00:00:00,16.0,15.0,31.0,16,884.0,0.0,3.0,0.0,0.0,0.0,0.0,0.0,120611.0,0.74,41739.0,30.0,0.96,0.0,0.08485890550841324,"$25,000-49,999",False,2916.666667,0.0,0.0,0.0,0.0,0.0,0.0,0.0,7000,247.59,1.0,0,0,0.0,174
Unknown,36,0,0.35643,0.3199,0.3099,0.2917,0.183,0.1087,1.0,HR,4.0,7,PA,Waiter/Waitress,Employed,42.0,False,False,Unknown,700.0,719.0,1990-06-06 00:00:00,8.0,6.0,26.0,4,269.0,1.0,1.0,0.0,0.0,0.0,1.0,0.0,11639.0,0.9,1211.0,25.0,0.92,1.0,0.7,"$1-24,999",True,1450.0,0.0,0.0,0.0,0.0,0.0,0.0,0.0,2500,108.87,1.0,0,0,0.0,68
Unknown,36,0,0.25371,0.2159,0.2059,0.1903,0.0899,0.1004,4.0,C,3.0,1,NY,Nurse (RN),Employed,157.0,True,False,Unknown,660.0,679.0,1991-02-01 00:00:00,17.0,16.0,35.0,15,2012.0,2.0,8.0,0.0,0.0,0.0,0.0,0.0,341836.0,0.88,6256.0,31.0,1.0,3.0,0.18,"$100,000+",True,14000.0,1.0,11.0,11.0,0.0,0.0,15000.0,11158.34,15000,569.68,1.0,0,0,0.0,1
B,36,0,0.1499,0.1428,0.1278,0.12365000000000001,,,4.0,Unknown,6.0,0,NY,Car Dealer,Full-time,55.0,True,True,2D523366875352960F3C033,700.0,719.0,1994-05-14 00:00:00,16.0,13.0,42.0,10,246.0,9.0,31.0,0.0,0.0,8.0,0.0,0.0,10059.0,0.0,23607.0,38.0,0.89,3.0,0.19,"$75,000-99,999",True,7919.833333,0.0,0.0,0.0,0.0,0.0,0.0,0.0,10000,343.14,1.0,0,0,0.0,122
D,36,1,0.37372,0.3492,0.3392,0.33005,,,4.0,Unknown,6.0,3,NC,Skilled Labor,Full-time,3.0,False,False,Unknown,600.0,619.0,2004-04-17 00:00:00,7.0,6.0,8.0,5,103.0,3.0,8.0,0.0,0.0,0.0,0.0,0.0,3168.0,0.61,1841.0,7.0,1.0,3.0,0.34,"$1-24,999",True,1833.3333329999998,0.0,0.0,0.0,0.0,0.0,0.0,0.0,4000,180.76,1.0,1,0,0.0,29
Unknown,36,1,0.22361999999999999,0.1899,0.1799,0.1757,0.061,0.1147,4.0,C,7.0,1,CA,Sales - Retail,Employed,38.0,False,False,Unknown,700.0,719.0,2005-03-04 00:00:00,3.0,2.0,13.0,1,15.0,0.0,3.0,0.0,0.0,6.0,0.0,0.0,1209.0,0.13,7791.0,13.0,0.76,0.0,0.6,"$1-24,999",True,1000.0,3.0,57.0,57.0,0.0,0.0,17400.0,0.01,10000,366.51,1.0,1,0,0.0,68
Unknown,60,1,0.35365,0.3258,0.3158,0.3013,0.1425,0.1588,2.0,E,6.0,2,FL,Executive,Employed,112.0,True,False,Unknown,660.0,679.0,1995-06-01 00:00:00,11.0,10.0,36.0,7,430.0,0.0,7.0,0.0,0.0,0.0,0.0,0.0,117418.0,0.99,843.0,34.0,0.91,0.0,0.21,"$100,000+",True,13750.0,0.0,0.0,0.0,0.0,0.0,0.0,0.0,4000,135.82,1.0,0,0,0.0,56
A,36,1,0.12503,0.111,0.101,0.09185,,,4.0,Unknown,6.0,4,NY,Other,Full-time,12.0,False,False,Unknown,720.0,739.0,2003-03-24 00:00:00,3.0,3.0,4.0,3,15.0,1.0,1.0,0.0,0.0,0.0,0.0,0.0,502.0,0.09,4998.0,4.0,1.0,1.0,0.07,"$50,000-74,999",True,4333.333333,0.0,0.0,0.0,0.0,0.0,0.0,0.0,9000,295.07,1.0,0,0,0.0,293
HR,36,0,0.28545,0.27,0.26,0.25085,,,4.0,Unknown,6.0,0,IL,Nurse's Aide,Full-time,11.0,True,True,884F339364527063779E0CD,520.0,539.0,1993-10-06 00:00:00,16.0,14.0,43.0,13,301.0,2.0,6.0,6.0,419.0,8.0,0.0,0.0,5887.0,0.37,7943.0,41.0,0.53,0.0,0.17,"$25,000-49,999",True,2666.666667,0.0,0.0,0.0,0.0,0.0,0.0,0.0,1500,61.24,1.0,0,0,0.0,17
Unknown,36,1,0.23383,0.1999,0.1899,0.1855,0.087,0.0985,4.0,C,6.0,1,FL,Professional,Employed,102.0,True,False,Unknown,780.0,799.0,1973-09-30 00:00:00,15.0,15.0,46.0,14,790.0,0.0,0.0,0.0,0.0,0.0,0.0,0.0,23648.0,0.66,9517.0,43.0,0.88,0.0,0.44,"$25,000-49,999",True,3916.666667,0.0,0.0,0.0,0.0,0.0,0.0,0.0,12000,445.9,1.0,0,0,0.0,176
Unknown,36,0,0.28574,0.2625,0.2525,0.1463,0.1,0.1463,3.0,D,7.0,1,CA,Other,Full-time,51.0,False,False,Unknown,640.0,659.0,1988-04-27 00:00:00,5.0,5.0,21.0,4,212.0,2.0,9.0,0.0,0.0,9.0,2.0,0.0,8441.0,0.97,230.0,17.0,0.76,0.0,0.16,"$50,000-74,999",True,4666.666667,0.0,0.0,0.0,0.0,0.0,0.0,0.0,2500,101.06,1.0,0,0,0.0,99
Unknown,36,1,0.17359000000000002,0.1449,0.1349,0.1326,0.0595,0.0731,5.0,B,8.0,1,TX,Professional,Employed,24.0,True,False,Unknown,740.0,759.0,1999-06-25 00:00:00,12.0,12.0,40.0,12,612.0,4.0,9.0,0.0,0.0,0.0,0.0,0.0,20061.0,0.43,26209.0,35.0,1.0,1.0,0.13,"$75,000-99,999",True,7500.0,0.0,0.0,0.0,0.0,0.0,0.0,0.0,7000,240.91,1.0,0,0,0.0,116
Unknown,36,1,0.35643,0.3199,0.3099,0.2917,0.165,0.1267,1.0,HR,3.0,1,UT,Accountant/CPA,Employed,49.0,True,False,Unknown,680.0,699.0,2001-04-11 00:00:00,13.0,8.0,44.0,4,430.0,5.0,16.0,0.0,0.0,11.0,0.0,0.0,10066.0,0.87,733.0,41.0,1.0,2.0,0.17,"$75,000-99,999",True,7166.666667,0.0,0.0,0.0,0.0,0.0,0.0,0.0,4000,174.2,1.0,0,0,0.0,16
Unknown,60,0,0.24702,0.222,0.212,0.207,0.065,0.142,4.0,C,5.0,1,OR,Construction,Employed,240.0,True,False,Unknown,660.0,679.0,2000-02-04 00:00:00,10.0,9.0,23.0,5,259.0,2.0,4.0,0.0,0.0,0.0,1.0,0.0,6066.0,0.43,6148.0,19.0,0.94,2.0,0.27,"$50,000-74,999",True,5000.0,1.0,9.0,9.0,0.0,0.0,8000.0,7230.03,12500,346.66,1.0,0,0,0.0,120
Unknown,36,0,0.12663,0.1055,0.0955,0.0627,0.0325,0.0627,6.0,A,9.0,2,MO,Professional,Employed,222.0,True,False,Unknown,720.0,739.0,1982-07-07 00:00:00,11.0,10.0,71.0,8,268.0,0.0,4.0,0.0,0.0,0.0,0.0,0.0,10238.0,0.59,7082.0,38.0,0.81,0.0,0.15,"$75,000-99,999",True,7591.666667,3.0,55.0,53.0,2.0,0.0,10500.0,1289.75,10657,346.63,1.0,0,0,0.0,232
HR,36,0,0.32327,0.2995,0.2895,0.28035,,,4.0,Unknown,6.0,5,IL,Food Service,Part-time,30.0,False,False,Unknown,520.0,539.0,2005-09-19 00:00:00,2.0,2.0,5.0,2,158.0,1.0,1.0,0.0,0.0,0.0,0.0,0.0,4339.0,1.05,13.0,2.0,1.0,1.0,0.26,"$1-24,999",True,1166.666667,0.0,0.0,0.0,0.0,0.0,0.0,0.0,2200,93.33,1.0,0,0,0.0,28
Unknown,60,1,0.34408,0.3165,0.3065,0.2788,0.1425,0.1363,2.0,E,6.0,1,CA,Other,Employed,26.0,False,False,Unknown,660.0,679.0,2001-12-04 00:00:00,7.0,4.0,12.0,4,60.0,6.0,9.0,0.0,0.0,9.0,0.0,0.0,1787.0,0.15,8763.0,10.0,1.0,5.0,0.03,"$75,000-99,999",True,7083.333333,0.0,0.0,0.0,0.0,0.0,0.0,0.0,4000,133.5,1.0,0,0,0.0,83
Unknown,36,1,0.31032,0.2712,0.2612,0.2382,0.1275,0.1107,2.0,E,5.0,1,CA,Nurse (RN),Employed,98.0,False,False,Unknown,700.0,719.0,1998-12-07 00:00:00,14.0,8.0,53.0,3,376.0,5.0,7.0,1.0,70659.0,24.0,0.0,0.0,49669.0,0.7,20631.0,42.0,0.97,2.0,0.25,"$100,000+",True,9750.0,0.0,0.0,0.0,0.0,0.0,0.0,0.0,6500,265.78,1.0,0,0,0.0,86
Unknown,36,1,0.35796999999999995,0.3177,0.3077,0.2896,0.165,0.1246,1.0,HR,4.0,1,TX,Sales - Retail,Employed,167.0,True,False,Unknown,660.0,679.0,1995-10-23 00:00:00,20.0,17.0,50.0,12,405.0,0.0,9.0,0.0,0.0,0.0,1.0,0.0,33631.0,0.85,5651.0,49.0,1.0,4.0,0.23,"$100,000+",True,12083.333333,0.0,0.0,0.0,0.0,0.0,0.0,0.0,4000,173.71,1.0,0,0,0.0,15
A,36,1,0.13202,0.125,0.115,0.10585,,,4.0,Unknown,6.0,3,MD,Computer Programmer,Full-time,2.0,True,False,Unknown,720.0,739.0,1994-02-01 00:00:00,10.0,10.0,29.0,10,678.0,2.0,16.0,0.0,0.0,0.0,0.0,0.0,64107.0,0.0,49400.0,28.0,1.0,0.0,0.14,"$100,000+",True,8333.333333,1.0,9.0,9.0,0.0,0.0,10101.0,7032.26,17944,600.29,1.0,0,0,0.0,478
B,36,0,0.16717,0.16,0.15,0.14085,,,4.0,Unknown,6.0,0,FL,Laborer,Full-time,4.0,True,True,CD0E3364909037313F32874,680.0,699.0,1976-06-01 00:00:00,16.0,16.0,32.0,13,900.0,3.0,11.0,0.0,0.0,0.0,0.0,0.0,50887.0,0.89,5312.0,30.0,0.86,1.0,0.46,"$50,000-74,999",True,4833.333333,0.0,0.0,0.0,0.0,0.0,0.0,0.0,18500,650.41,1.0,2,1,200.0,206
Unknown,36,0,0.37453000000000003,0.35,0.34,0.1399,0.18,0.1399,1.0,HR,5.0,3,GA,Food Service Management,Full-time,13.0,False,False,Unknown,640.0,659.0,2002-07-31 00:00:00,1.0,1.0,20.0,0,0.0,0.0,1.0,0.0,0.0,0.0,0.0,0.0,0.0,0.0,0.0,19.0,1.0,0.0,0.22,"$25,000-49,999",True,2833.333333,1.0,18.0,18.0,0.0,0.0,4000.0,2230.95,3600,162.85,1.0,0,0,0.0,26
Unknown,36,1,0.09643,0.093,0.083,0.068,0.015,0.068,7.0,AA,8.0,1,PA,Other,Full-time,115.0,True,False,Unknown,800.0,819.0,1998-10-31 00:00:00,8.0,7.0,26.0,5,150.0,0.0,3.0,0.0,0.0,0.0,0.0,0.0,210.0,0.03,6490.0,24.0,0.95,0.0,0.31,"$25,000-49,999",True,3333.333333,0.0,0.0,0.0,0.0,0.0,0.0,0.0,7500,239.55,1.0,0,0,0.0,238
A,36,1,0.12503,0.111,0.101,0.09185,,,4.0,Unknown,6.0,2,FL,Construction,Full-time,112.0,True,False,Unknown,740.0,759.0,1996-02-27 00:00:00,13.0,12.0,51.0,2,907.0,1.0,14.0,0.0,0.0,0.0,0.0,0.0,21159.0,0.0,0.0,48.0,0.97,0.0,0.16,"$100,000+",True,13333.333333,0.0,0.0,0.0,0.0,0.0,0.0,0.0,9000,295.07,1.0,0,0,0.0,348
Unknown,36,0,0.35643,0.3199,0.3099,0.2957,0.147,0.1487,2.0,E,4.0,1,NY,Retail Management,Employed,106.0,False,False,Unknown,660.0,679.0,2006-11-24 00:00:00,4.0,4.0,8.0,5,120.0,5.0,10.0,0.0,0.0,0.0,0.0,0.0,5017.0,0.65,2683.0,5.0,1.0,0.0,0.14,"$25,000-49,999",True,2875.0,0.0,0.0,0.0,0.0,0.0,0.0,0.0,6500,283.07,1.0,0,0,0.0,106
HR,36,1,0.32285,0.3,0.29,0.28085,,,4.0,Unknown,6.0,4,CA,Truck Driver,Part-time,26.0,False,False,Unknown,520.0,539.0,2004-01-29 00:00:00,18.0,17.0,22.0,18,262.0,17.0,54.0,0.0,0.0,0.0,0.0,0.0,10406.0,0.83,1802.0,20.0,1.0,1.0,0.15,"$25,000-49,999",True,2500.0,0.0,0.0,0.0,0.0,0.0,0.0,0.0,2600,52.39,1.0,0,0,0.0,28
C,36,0,0.1501,0.143,0.123,0.12384999999999999,,,4.0,Unknown,6.0,0,NC,Professional,Full-time,105.0,False,True,783C3371218786870A73D20,640.0,659.0,1993-04-29 00:00:00,5.0,4.0,14.0,3,0.0,6.0,13.0,3.0,702.0,2.0,0.0,0.0,0.0,0.0,0.0,12.0,0.64,3.0,0.12,"$25,000-49,999",True,3750.0,0.0,0.0,0.0,0.0,0.0,0.0,0.0,3000,102.97,1.0,0,0,0.0,61
Unknown,36,1,0.13271,0.1115,0.1015,0.0662,0.035,0.0662,6.0,A,9.0,7,PA,Professional,Employed,79.0,True,False,Unknown,780.0,799.0,1996-07-29 00:00:00,6.0,6.0,16.0,4,267.0,0.0,2.0,0.0,0.0,0.0,0.0,0.0,13215.0,0.41,18285.0,14.0,1.0,0.0,0.15,"$50,000-74,999",True,4208.333333,0.0,0.0,0.0,0.0,0.0,0.0,0.0,5000,164.05,1.0,0,0,0.0,244
Unknown,36,0,0.13109,0.1099,0.0999,0.0983,0.0495,0.0488,5.0,B,8.0,1,VA,Military Officer,Employed,18.0,False,False,Unknown,740.0,759.0,2005-03-10 00:00:00,4.0,4.0,27.0,3,45.0,0.0,1.0,0.0,0.0,0.0,1.0,0.0,1261.0,0.28,3239.0,10.0,1.0,1.0,0.0487109375,"$50,000-74,999",False,5375.0,1.0,8.0,8.0,0.0,0.0,1000.0,0.0,8000,261.87,1.0,0,1,208.05,113
Unknown,36,0,0.30532,0.2699,0.2599,0.2534,0.112,0.1414,3.0,D,5.0,3,OH,Other,Employed,11.0,False,False,Unknown,720.0,739.0,1992-12-01 00:00:00,5.0,5.0,16.0,3,123.0,0.0,0.0,0.0,0.0,1.0,0.0,0.0,5521.0,0.84,387.0,14.0,0.92,0.0,0.48,"$1-24,999",True,1333.333333,0.0,0.0,0.0,0.0,0.0,0.0,0.0,10000,408.2,1.0,0,0,0.0,18
B,36,0,0.16466,0.1575,0.1475,0.13835,,,4.0,Unknown,6.0,0,MA,Clergy,Full-time,36.0,True,False,Unknown,680.0,699.0,1992-04-29 00:00:00,2.0,2.0,7.0,1,0.0,1.0,1.0,0.0,0.0,0.0,0.0,0.0,0.0,0.0,0.0,6.0,1.0,0.0,0.2,"$25,000-49,999",True,3208.333333,0.0,0.0,0.0,0.0,0.0,0.0,0.0,11350,397.63,1.0,0,0,0.0,126
Unknown,60,1,0.31375,0.287,0.277,0.2701,0.119,0.1511,3.0,D,5.0,1,IN,Food Service,Employed,12.0,False,False,Unknown,720.0,739.0,2003-10-03 00:00:00,7.0,7.0,22.0,6,165.0,0.0,0.0,0.0,0.0,6.0,0.0,0.0,3736.0,0.43,4678.0,10.0,0.7,2.0,0.85,"$1-24,999",True,833.333333,0.0,0.0,0.0,0.0,0.0,0.0,0.0,10000,315.59,1.0,0,0,0.0,67
A,36,0,0.19462000000000002,0.18,0.17,0.16085,,,4.0,Unknown,6.0,1,MD,Administrative Assistant,Full-time,101.0,False,False,Unknown,720.0,739.0,1988-08-30 00:00:00,7.0,7.0,14.0,5,103.0,3.0,6.0,0.0,0.0,0.0,0.0,0.0,3244.0,0.41,4493.0,12.0,0.66,1.0,0.46,"$25,000-49,999",True,2583.333333,0.0,0.0,0.0,0.0,0.0,0.0,0.0,15000,542.29,1.0,0,0,0.0,256
D,36,0,0.347,0.339,0.329,0.31985,,,4.0,Unknown,6.0,1,GA,Retail Management,Full-time,29.0,False,False,Unknown,620.0,639.0,1984-02-21 00:00:00,8.0,8.0,14.0,7,106.0,3.0,12.0,0.0,0.0,13.0,0.0,0.0,3272.0,1.02,6.0,13.0,0.69,0.0,0.13,"$25,000-49,999",True,2572.25,0.0,0.0,0.0,0.0,0.0,0.0,0.0,5000,223.08,1.0,0,0,0.0,69
Unknown,36,1,0.24245999999999998,0.2049,0.1949,0.1904,0.089,0.1014,4.0,C,7.0,16,FL,Police Officer/Correction Officer,Employed,13.0,False,False,Unknown,640.0,659.0,2010-02-24 00:00:00,3.0,3.0,4.0,2,40.0,2.0,4.0,0.0,0.0,0.0,1.0,0.0,252.0,0.05,4548.0,3.0,1.0,1.0,0.08,"$25,000-49,999",True,3000.0,0.0,0.0,0.0,0.0,0.0,0.0,0.0,4000,149.65,1.0,0,0,0.0,53
Unknown,36,1,0.33512,0.295,0.285,0.0284,0.24,0.0284,1.0,HR,3.0,6,CO,Clerical,Full-time,48.0,True,True,CD0E3364909037313F32874,620.0,639.0,1993-12-29 00:00:00,12.0,12.0,26.0,11,573.0,0.0,3.0,1.0,8773.0,0.0,2.0,0.0,15758.0,0.93,807.0,25.0,0.88,0.0,0.61,"$1-24,999",True,2000.0,2.0,56.0,56.0,0.0,0.0,8000.0,0.0,1500,63.27,1.0,0,0,0.0,72
AA,36,1,0.08182,0.075,0.075,0.05585,,,4.0,Unknown,6.0,5,IL,Executive,Full-time,21.0,False,False,Unknown,760.0,779.0,1996-07-01 00:00:00,11.0,11.0,27.0,8,72.0,0.0,1.0,0.0,0.0,0.0,0.0,0.0,3205.0,0.04,72595.0,23.0,0.86,0.0,0.16,"$25,000-49,999",True,2625.0,0.0,0.0,0.0,0.0,0.0,0.0,0.0,4000,124.42,1.0,0,0,0.0,103
Unknown,36,1,0.2951,0.2599,0.2499,0.2437,0.112,0.1317,3.0,D,6.0,1,MN,Truck Driver,Employed,86.0,False,False,Unknown,680.0,699.0,1997-06-04 00:00:00,5.0,5.0,26.0,4,792.0,0.0,1.0,0.0,0.0,12.0,1.0,0.0,9012.0,0.54,2502.0,23.0,0.73,0.0,0.52,"$25,000-49,999",True,3833.333333,0.0,0.0,0.0,0.0,0.0,0.0,0.0,10000,402.85,1.0,0,0,0.0,8
A,36,0,0.14923,0.135,0.125,0.11585000000000001,,,4.0,Unknown,6.0,2,FL,Other,Full-time,21.0,True,False,Unknown,720.0,739.0,1990-04-13 00:00:00,12.0,10.0,17.0,8,104.0,1.0,8.0,0.0,0.0,0.0,0.0,0.0,3743.0,0.21,10701.0,16.0,1.0,3.0,0.32,"$25,000-49,999",True,2916.666667,0.0,0.0,0.0,0.0,0.0,0.0,0.0,24000,814.45,1.0,0,0,0.0,525
Unknown,36,1,0.2951,0.2599,0.2499,0.2437,0.108,0.1357,3.0,D,6.0,7,IN,Sales - Retail,Employed,436.0,True,False,Unknown,700.0,719.0,1994-10-26 00:00:00,5.0,5.0,31.0,3,123.0,0.0,0.0,0.0,0.0,2.0,1.0,0.0,4529.0,0.68,2071.0,23.0,0.82,2.0,0.38,"$1-24,999",True,1761.9166670000002,0.0,0.0,0.0,0.0,0.0,0.0,0.0,4000,161.14,1.0,0,0,0.0,40
Unknown,12,1,0.21313000000000001,0.1356,0.1256,0.1177,0.0649,0.0528,4.0,C,7.0,1,NY,Computer Programmer,Employed,46.0,False,False,Unknown,700.0,719.0,2004-07-02 00:00:00,13.0,13.0,22.0,10,655.0,0.0,3.0,0.0,0.0,0.0,0.0,0.0,34803.0,0.49,35997.0,22.0,1.0,1.0,0.41,"$100,000+",True,10000.0,0.0,0.0,0.0,0.0,0.0,0.0,0.0,15000,1343.7,1.0,0,0,0.0,283
Unknown,36,0,0.33286,0.2932,0.2832,0.2575,0.1425,0.115,2.0,E,2.0,1,TN,Professional,Employed,13.0,True,False,Unknown,600.0,619.0,1996-10-01 00:00:00,13.0,12.0,26.0,7,1212.0,3.0,10.0,1.0,209.0,0.0,0.0,0.0,46873.0,1.0,2.0,23.0,0.92,1.0,0.18,"$100,000+",True,10000.0,1.0,14.0,14.0,0.0,0.0,2000.0,1323.4,4000,168.32,1.0,0,0,0.0,1
Unknown,36,1,0.35796999999999995,0.3177,0.3077,0.2896,0.1625,0.1271,1.0,HR,6.0,1,KY,Other,Employed,35.0,False,False,Unknown,660.0,679.0,1993-12-20 00:00:00,9.0,9.0,20.0,6,423.0,0.0,2.0,2.0,9782.0,8.0,0.0,0.0,17127.0,0.94,518.0,14.0,0.92,0.0,0.35,"$25,000-49,999",True,3777.166667,0.0,0.0,0.0,0.0,0.0,0.0,0.0,3500,151.99,1.0,0,0,0.0,6
Unknown,36,0,0.33553,0.2958,0.2858,0.2727,0.147,0.1257,2.0,E,6.0,15,WA,Retail Management,Employed,167.0,False,False,Unknown,640.0,659.0,1994-07-06 00:00:00,5.0,5.0,24.0,5,85.0,2.0,2.0,0.0,0.0,17.0,1.0,0.0,4633.0,0.91,367.0,21.0,0.66,2.0,0.14,"$25,000-49,999",True,4000.0,0.0,0.0,0.0,0.0,0.0,0.0,0.0,4000,168.89,1.0,0,0,0.0,31
A,36,0,0.12201,0.108,0.098,0.08885,,,4.0,Unknown,6.0,4,OR,Tradesman - Mechanic,Full-time,81.0,False,False,Unknown,720.0,739.0,1995-01-30 00:00:00,11.0,8.0,28.0,4,124.0,2.0,7.0,0.0,0.0,0.0,0.0,0.0,135774.0,0.49,139741.0,28.0,0.96,3.0,0.23,"$100,000+",True,10000.0,2.0,9.0,9.0,0.0,0.0,6000.0,0.0,3000,97.93,1.0,0,0,0.0,52
Unknown,36,1,0.18316,0.1469,0.1369,0.1346,0.042,0.0926,5.0,B,7.0,3,CA,Other,Employed,211.0,False,False,Unknown,660.0,679.0,1991-02-01 00:00:00,4.0,4.0,49.0,4,34.0,3.0,9.0,0.0,0.0,34.0,1.0,0.0,1293.0,0.49,1018.0,43.0,0.9,1.0,0.13,"$75,000-99,999",True,8000.0,1.0,6.0,6.0,0.0,0.0,4000.0,0.0,6000,207.08,1.0,0,0,0.0,142
Unknown,60,1,0.31293000000000004,0.2862,0.2762,0.2519,0.1275,0.1244,2.0,E,2.0,2,CT,Other,Self-employed,246.0,True,False,Unknown,700.0,719.0,1981-02-01 00:00:00,16.0,13.0,38.0,13,1454.0,1.0,4.0,0.0,0.0,0.0,0.0,0.0,47547.0,0.62,23896.0,34.0,0.94,0.0,0.025202959408118376,"$50,000-74,999",False,5000.0,0.0,0.0,0.0,0.0,0.0,0.0,0.0,4000,126.04,1.0,0,0,0.0,1
A,36,1,0.08471000000000001,0.071,0.061,0.05184999999999999,,,4.0,Unknown,6.0,1,WI,Professional,Full-time,61.0,True,False,Unknown,740.0,759.0,1994-02-09 00:00:00,12.0,11.0,19.0,9,505.0,0.0,5.0,0.0,0.0,0.0,0.0,0.0,16401.0,0.31,36480.0,19.0,1.0,0.0,0.16,"$50,000-74,999",True,4916.666667,1.0,11.0,11.0,0.0,0.0,7000.0,3777.69,1700,52.57,1.0,0,0,0.0,68
AA,36,1,0.08383,0.077,0.077,0.05785,,,4.0,Unknown,6.0,3,IL,Professional,Full-time,36.0,False,False,Unknown,760.0,779.0,1980-11-01 00:00:00,5.0,5.0,10.0,4,19.0,0.0,0.0,0.0,0.0,0.0,0.0,0.0,0.0,0.0,17500.0,8.0,0.75,0.0,0.1,"$50,000-74,999",True,4333.333333,0.0,0.0,0.0,0.0,0.0,0.0,0.0,10000,310.71,1.0,0,0,0.0,171
Unknown,36,0,0.16055999999999998,0.139,0.129,0.1285,0.038,0.0905,6.0,A,8.0,1,MN,Other,Employed,32.0,True,False,Unknown,780.0,799.0,1991-10-14 00:00:00,15.0,13.0,33.0,11,502.0,0.0,4.0,0.0,0.0,0.0,0.0,0.0,7236.0,0.1,57602.0,31.0,0.93,1.0,0.36,"$25,000-49,999",True,3000.0,0.0,0.0,0.0,0.0,0.0,0.0,0.0,5000,170.65,1.0,0,0,0.0,73
Unknown,36,1,0.29578000000000004,0.2724,0.2624,0.0672,0.18,0.0672,1.0,HR,5.0,7,AZ,Teacher,Full-time,17.0,False,False,Unknown,660.0,679.0,2006-07-27 00:00:00,13.0,12.0,17.0,9,280.0,6.0,18.0,0.0,0.0,0.0,0.0,0.0,10728.0,0.53,3160.0,17.0,1.0,1.0,0.45,"$25,000-49,999",True,2083.333333,1.0,29.0,29.0,0.0,0.0,3000.0,0.0,2000,81.91,1.0,0,0,0.0,118
D,36,0,0.21679,0.2094,0.1994,0.19025,,,4.0,Unknown,6.0,0,CA,Other,Full-time,22.0,False,False,Unknown,600.0,619.0,1986-04-18 00:00:00,7.0,7.0,18.0,3,107.0,4.0,13.0,0.0,0.0,19.0,1.0,0.0,3474.0,0.19,14523.0,12.0,0.58,0.0,0.24,"$50,000-74,999",True,5416.666667,0.0,0.0,0.0,0.0,0.0,0.0,0.0,5000,188.22,1.0,0,0,0.0,104
B,36,0,0.13705,0.13,0.12,0.11085,,,4.0,Unknown,6.0,0,MI,Sales - Retail,Full-time,115.0,True,False,Unknown,680.0,699.0,1999-08-04 00:00:00,20.0,20.0,32.0,14,345.0,1.0,6.0,0.0,0.0,0.0,0.0,0.0,9130.0,0.73,3157.0,31.0,0.9,0.0,0.46,"$25,000-49,999",True,3750.0,0.0,0.0,0.0,0.0,0.0,0.0,0.0,9000,303.25,1.0,0,0,0.0,370
Unknown,36,1,0.14328,0.1151,0.1051,0.1048,0.033,0.0718,6.0,A,9.0,3,HI,Construction,Employed,24.0,False,False,Unknown,760.0,779.0,2000-04-04 00:00:00,9.0,9.0,35.0,10,718.0,0.0,1.0,0.0,0.0,0.0,0.0,0.0,19328.0,0.47,21272.0,27.0,1.0,0.0,0.2,"$50,000-74,999",True,4166.666667,0.0,0.0,0.0,0.0,0.0,0.0,0.0,2000,65.96,1.0,0,0,0.0,34
D,36,0,0.29334,0.27,0.26,0.25085,,,4.0,Unknown,6.0,4,MA,Accountant/CPA,Full-time,11.0,False,False,Unknown,600.0,619.0,2003-10-02 00:00:00,3.0,3.0,4.0,2,53.0,5.0,6.0,0.0,0.0,0.0,0.0,0.0,1960.0,0.71,790.0,4.0,1.0,0.0,0.04,"$25,000-49,999",True,2666.666667,0.0,0.0,0.0,0.0,0.0,0.0,0.0,1500,61.24,1.0,0,0,0.0,31
Unknown,12,1,0.13706,0.0609,0.0509,0.0509,0.02,0.0309,6.0,A,10.0,7,GA,Computer Programmer,Employed,117.0,False,False,Unknown,740.0,759.0,1993-02-16 00:00:00,16.0,15.0,18.0,14,387.0,1.0,3.0,0.0,0.0,0.0,0.0,0.0,20487.0,0.16,98583.0,18.0,1.0,2.0,0.11,"$100,000+",True,8350.333333,2.0,4.0,4.0,0.0,0.0,6450.0,0.0,3490,300.52,1.0,0,0,0.0,55
Unknown,36,1,0.24821999999999997,0.2255,0.2155,0.1304,0.08,0.1304,4.0,C,8.0,1,NY,Other,Self-employed,18.0,False,False,Unknown,720.0,739.0,2002-08-19 00:00:00,5.0,3.0,16.0,3,131.0,0.0,4.0,0.0,0.0,0.0,0.0,0.0,2772.0,0.39,4228.0,13.0,1.0,0.0,0.06836961350510884,"$25,000-49,999",False,2250.0,0.0,0.0,0.0,0.0,0.0,0.0,0.0,4000,153.9,1.0,0,0,0.0,114
Unknown,36,1,0.35643,0.3199,0.3099,0.2917,0.195,0.0967,1.0,HR,5.0,1,CA,Professional,Employed,56.0,False,False,Unknown,640.0,659.0,2005-08-06 00:00:00,3.0,2.0,3.0,2,48.0,4.0,6.0,0.0,0.0,0.0,0.0,0.0,716.0,0.57,316.0,3.0,1.0,0.0,0.1,"$1-24,999",True,1500.0,0.0,0.0,0.0,0.0,0.0,0.0,0.0,2000,87.1,1.0,0,0,0.0,30
Unknown,36,1,0.2951,0.2599,0.2499,0.2437,0.108,0.1357,3.0,D,7.0,2,MI,Truck Driver,Employed,2.0,True,False,Unknown,740.0,759.0,1994-11-29 00:00:00,14.0,13.0,29.0,9,198.0,2.0,11.0,0.0,0.0,0.0,1.0,0.0,2496.0,0.14,14996.0,29.0,0.93,1.0,0.22,"$25,000-49,999",True,4000.0,0.0,0.0,0.0,0.0,0.0,0.0,0.0,6379,256.98,0.7973,0,0,0.0,108
HR,36,0,0.37035999999999997,0.35,0.34,0.33085,,,4.0,Unknown,6.0,7,NC,Sales - Retail,Full-time,55.0,False,False,Unknown,540.0,559.0,2003-06-02 00:00:00,3.0,3.0,6.0,1,30.0,1.0,2.0,2.0,337.0,0.0,1.0,0.0,200.0,1.0,0.0,4.0,0.5,0.0,0.34,"$1-24,999",True,1799.0833329999998,0.0,0.0,0.0,0.0,0.0,0.0,0.0,1000,45.24,1.0,0,0,0.0,6
Unknown,36,1,0.31053000000000003,0.275,0.265,0.1504,0.108,0.1504,3.0,D,7.0,3,CA,Sales - Commission,Employed,160.0,True,False,Unknown,700.0,719.0,1995-11-01 00:00:00,24.0,18.0,57.0,16,655.0,4.0,26.0,0.0,0.0,0.0,0.0,0.0,18863.0,0.57,11256.0,54.0,1.0,0.0,0.05,"$100,000+",True,70833.333333,0.0,0.0,0.0,0.0,0.0,0.0,0.0,2500,102.73,1.0,0,0,0.0,66
Unknown,36,1,0.31308,0.2775,0.2675,0.1628,0.098,0.1628,3.0,D,6.0,1,GA,Other,Employed,26.0,True,False,Unknown,720.0,739.0,2000-05-10 00:00:00,11.0,9.0,27.0,4,315.0,0.0,0.0,0.0,0.0,0.0,0.0,0.0,14555.0,0.8,3445.0,25.0,0.92,0.0,0.42,"$25,000-49,999",True,3750.0,1.0,26.0,26.0,0.0,0.0,7000.0,2238.05,7500,305.13,1.0,0,0,0.0,160
B,36,1,0.1683,0.1539,0.1439,0.13475,,,4.0,Unknown,6.0,1,WA,Other,Full-time,23.0,True,True,719A33684089335520A3C4F,680.0,699.0,2000-09-08 00:00:00,11.0,9.0,17.0,6,415.0,2.0,15.0,0.0,0.0,0.0,0.0,0.0,64781.0,0.9,6769.0,17.0,0.82,1.0,0.15,"$75,000-99,999",True,7772.166667,1.0,11.0,11.0,0.0,0.0,8000.0,5903.89,10000,348.57,1.0,0,0,0.0,138
Unknown,36,1,0.28974,0.2511,0.2411,0.2352,0.112,0.1232,3.0,D,6.0,1,IL,Computer Programmer,Employed,9.0,False,False,Unknown,640.0,659.0,1999-02-23 00:00:00,7.0,6.0,21.0,4,87.0,5.0,9.0,2.0,2084.0,22.0,0.0,0.0,2949.0,0.13,19151.0,14.0,0.78,1.0,0.08,"$50,000-74,999",True,4166.666667,0.0,0.0,0.0,0.0,0.0,0.0,0.0,3500,139.36,1.0,0,0,0.0,12
A,36,1,0.18877,0.1742,0.1642,0.15505,,,4.0,Unknown,6.0,1,FL,Sales - Commission,Full-time,30.0,True,False,Unknown,740.0,759.0,1991-02-08 00:00:00,9.0,9.0,14.0,7,564.0,0.0,1.0,0.0,0.0,0.0,0.0,0.0,21545.0,0.65,11290.0,12.0,1.0,0.0,0.36,"$50,000-74,999",True,4833.333333,0.0,0.0,0.0,0.0,0.0,0.0,0.0,17000,602.33,1.0,0,0,0.0,567
Unknown,36,0,0.24821999999999997,0.2255,0.2155,0.1304,0.08,0.1304,4.0,C,8.0,1,MD,Professional,Full-time,54.0,True,False,Unknown,700.0,719.0,1974-10-01 00:00:00,11.0,6.0,56.0,5,970.0,1.0,16.0,0.0,0.0,0.0,0.0,0.0,8411.0,0.98,202.0,54.0,0.94,0.0,0.15,"$100,000+",True,10416.666667,0.0,0.0,0.0,0.0,0.0,0.0,0.0,3000,115.43,1.0,0,0,0.0,93
Unknown,60,1,0.17060999999999998,0.1474,0.1374,0.131,0.0449,0.0861,5.0,B,10.0,20,IL,Computer Programmer,Employed,85.0,True,False,Unknown,680.0,699.0,1998-08-06 00:00:00,10.0,10.0,30.0,5,558.0,1.0,8.0,1.0,45979.0,2.0,0.0,0.0,28013.0,0.74,9387.0,24.0,0.95,0.0,0.2,"$100,000+",True,9833.333333,3.0,89.0,89.0,0.0,0.0,18000.0,0.01,25000,591.34,1.0,0,0,0.0,1
Unknown,36,1,0.11448,0.0935,0.0835,0.0623,0.021,0.0623,6.0,A,9.0,1,CA,Scientist,Full-time,31.0,True,False,Unknown,740.0,759.0,1976-08-12 00:00:00,11.0,11.0,17.0,7,662.0,0.0,1.0,0.0,0.0,0.0,0.0,0.0,30374.0,0.45,35745.0,17.0,1.0,0.0,0.19,"$75,000-99,999",True,6916.666667,1.0,30.0,30.0,0.0,0.0,6000.0,1123.72,9000,287.67,1.0,0,0,0.0,294
C,36,1,0.14659,0.1395,0.1295,0.12035000000000001,,,4.0,Unknown,6.0,0,NE,Accountant/CPA,Full-time,18.0,True,True,D9F4337221229974777DD03,640.0,659.0,1998-11-01 00:00:00,12.0,8.0,28.0,8,667.0,1.0,10.0,0.0,0.0,0.0,0.0,0.0,39287.0,0.97,901.0,26.0,0.78,0.0,0.29,"$25,000-49,999",True,3969.333333,0.0,0.0,0.0,0.0,0.0,0.0,0.0,9000,307.38,1.0,0,0,0.0,170
Unknown,36,1,0.35796999999999995,0.3177,0.3077,0.2896,0.1625,0.1271,1.0,HR,6.0,1,RI,Other,Other,19.0,True,False,Unknown,640.0,659.0,1996-08-30 00:00:00,8.0,7.0,34.0,5,135.0,2.0,7.0,1.0,1259.0,8.0,0.0,0.0,2632.0,0.44,1867.0,30.0,0.9,1.0,0.22,"$25,000-49,999",True,3750.0,0.0,0.0,0.0,0.0,0.0,0.0,0.0,2000,86.85,1.0,0,0,0.0,19
Unknown,36,1,0.08325,0.0699,0.0599,0.059,0.0124,0.0466,7.0,AA,10.0,2,GA,Engineer - Mechanical,Employed,44.0,True,False,Unknown,780.0,799.0,1997-07-04 00:00:00,8.0,5.0,26.0,6,350.0,0.0,2.0,0.0,0.0,0.0,0.0,0.0,11997.0,0.34,23003.0,24.0,1.0,0.0,0.09,"$100,000+",True,9166.666667,1.0,18.0,18.0,0.0,0.0,6500.0,0.66,4000,123.49,1.0,0,0,0.0,84
Unknown,36,1,0.22361999999999999,0.1899,0.1799,0.1757,0.061,0.1147,4.0,C,6.0,7,GA,Other,Full-time,52.0,True,False,Unknown,720.0,739.0,2003-04-28 00:00:00,7.0,6.0,24.0,5,397.0,0.0,7.0,0.0,0.0,0.0,0.0,0.0,17961.0,0.58,12989.0,10.0,1.0,0.0,0.08546302465023319,"$1-24,999",False,1500.0,1.0,19.0,18.0,1.0,0.0,2200.0,0.01,3500,128.28,1.0,0,0,0.0,62
A,36,1,0.18958,0.175,0.165,0.15585,,,4.0,Unknown,6.0,3,LA,Accountant/CPA,Full-time,10.0,True,False,Unknown,740.0,759.0,1996-11-27 00:00:00,15.0,15.0,34.0,7,160.0,2.0,9.0,0.0,0.0,1.0,0.0,0.0,11897.0,0.25,24599.0,31.0,0.87,3.0,0.22,"$75,000-99,999",True,6833.333333,0.0,0.0,0.0,0.0,0.0,0.0,0.0,8000,287.22,1.0,0,0,0.0,151
Unknown,36,1,0.21933000000000002,0.197,0.187,0.1177,0.065,0.1177,4.0,C,9.0,1,NY,Professional,Full-time,12.0,False,False,Unknown,640.0,659.0,1998-11-27 00:00:00,10.0,9.0,13.0,7,189.0,2.0,6.0,0.0,0.0,0.0,0.0,0.0,7652.0,0.34,14448.0,12.0,0.91,1.0,0.21,"$100,000+",True,12500.0,0.0,0.0,0.0,0.0,0.0,0.0,0.0,5500,203.56,1.0,0,0,0.0,278
C,36,1,0.35423000000000004,0.33,0.32,0.31085,,,4.0,Unknown,6.0,1,IL,Other,Full-time,265.0,False,False,Unknown,660.0,679.0,1988-12-01 00:00:00,4.0,3.0,24.0,1,0.0,4.0,4.0,4.0,0.0,4.0,1.0,1.0,6.0,0.01,494.0,21.0,0.77,3.0,0.19,"$50,000-74,999",True,4729.083333,0.0,0.0,0.0,0.0,0.0,0.0,0.0,5000,220.56,1.0,0,0,0.0,67
Unknown,36,1,0.35643,0.3199,0.3099,0.2957,0.147,0.1487,2.0,E,4.0,7,CA,Teacher,Employed,120.0,False,False,Unknown,720.0,739.0,1992-07-29 00:00:00,9.0,6.0,36.0,3,76.0,7.0,17.0,0.0,0.0,0.0,0.0,0.0,1599.0,0.18,7151.0,30.0,0.96,1.0,0.22,"$50,000-74,999",True,5583.333333,0.0,0.0,0.0,0.0,0.0,0.0,0.0,6500,283.07,1.0,0,0,0.0,76
Unknown,60,1,0.25564000000000003,0.2304,0.2204,0.20169,0.1125,0.08918999999999999,3.0,D,4.0,1,CA,Other,Employed,80.0,True,False,Unknown,660.0,679.0,1998-03-30 00:00:00,10.0,10.0,25.0,8,564.0,1.0,7.0,0.0,0.0,0.0,0.0,0.0,28313.0,0.94,1687.0,25.0,1.0,0.0,0.24,"$50,000-74,999",True,5500.0,0.0,0.0,0.0,0.0,0.0,0.0,0.0,15000,423.2,1.0,0,0,0.0,1
Unknown,60,1,0.3302,0.303,0.293,0.267,0.1325,0.1345,2.0,E,2.0,1,OH,Other,Other,0.0,True,False,Unknown,660.0,679.0,1995-04-01 00:00:00,13.0,11.0,25.0,10,550.0,0.0,1.0,1.0,157.0,0.0,1.0,0.0,19773.0,0.87,2380.0,18.0,1.0,2.0,0.01898482441346545,"$50,000-74,999",False,6083.333333,0.0,0.0,0.0,0.0,0.0,0.0,0.0,3550,115.51,1.0,0,0,0.0,48
Unknown,60,1,0.23318000000000003,0.2085,0.1985,0.195,0.0565,0.1385,5.0,B,8.0,7,NY,Analyst,Employed,77.0,True,False,Unknown,740.0,759.0,1997-11-19 00:00:00,5.0,5.0,29.0,3,65.0,2.0,4.0,0.0,0.0,0.0,0.0,0.0,350.0,0.23,1150.0,10.0,1.0,0.0,0.16,"$25,000-49,999",True,3900.0,0.0,0.0,0.0,0.0,0.0,0.0,0.0,5100,137.54,1.0,0,0,0.0,29
Unknown,36,0,0.34794,0.3075,0.2975,0.0301,0.25,0.0301,1.0,HR,3.0,7,CA,Professional,Full-time,191.0,False,False,Unknown,600.0,619.0,1993-08-11 00:00:00,5.0,5.0,37.0,1,0.0,9.0,40.0,0.0,0.0,30.0,1.0,0.0,0.0,0.0,0.0,33.0,0.78,2.0,0.09,"$50,000-74,999",True,4500.0,1.0,19.0,18.0,1.0,0.0,1000.0,598.65,1000,42.86,1.0,0,0,0.0,34
A,36,1,0.11162000000000001,0.0977,0.0877,0.07855,,,4.0,Unknown,6.0,1,NY,Computer Programmer,Full-time,5.0,False,False,Unknown,720.0,739.0,2002-08-04 00:00:00,7.0,7.0,9.0,7,144.0,2.0,5.0,0.0,0.0,0.0,0.0,0.0,6317.0,0.24,19183.0,8.0,1.0,2.0,0.09,"$25,000-49,999",True,3750.0,0.0,0.0,0.0,0.0,0.0,0.0,0.0,6500,209.04,1.0,0,0,0.0,243
Unknown,12,1,0.24531999999999998,0.1672,0.1572,0.1536,0.095,0.0586,3.0,D,4.0,3,SC,Accountant/CPA,Employed,80.0,True,False,Unknown,620.0,639.0,2003-02-19 00:00:00,14.0,14.0,34.0,7,886.0,1.0,3.0,0.0,0.0,0.0,0.0,0.0,38919.0,0.87,5481.0,28.0,0.89,2.0,0.45,"$75,000-99,999",True,7273.166667,2.0,51.0,51.0,0.0,0.0,10000.0,0.01,5000,455.36,1.0,0,0,0.0,97
Unknown,60,1,0.14765999999999999,0.1296,0.1196,0.1192,0.02,0.0992,6.0,A,8.0,1,MI,Engineer - Mechanical,Employed,26.0,True,False,Unknown,720.0,739.0,1993-07-01 00:00:00,9.0,8.0,38.0,4,11.0,0.0,3.0,0.0,0.0,46.0,0.0,0.0,2455.0,0.01,989.0,37.0,0.86,2.0,0.2,"$50,000-74,999",True,5000.0,3.0,36.0,36.0,0.0,0.0,11500.0,3373.34,7000,159.13,1.0,0,0,0.0,88
Unknown,36,1,0.30532,0.2699,0.2599,0.2534,0.112,0.1414,3.0,D,9.0,2,TX,Other,Employed,35.0,False,False,Unknown,640.0,659.0,2005-11-08 00:00:00,3.0,3.0,12.0,2,40.0,1.0,3.0,1.0,281.0,0.0,1.0,0.0,374.0,0.41,526.0,10.0,0.66,0.0,0.08,"$75,000-99,999",True,7500.0,0.0,0.0,0.0,0.0,0.0,0.0,0.0,4500,183.69,1.0,0,0,0.0,90
Unknown,36,1,0.17322,0.1515,0.1415,0.0796,0.0595,0.0796,5.0,B,8.0,1,NC,Other,Employed,47.0,True,False,Unknown,740.0,759.0,1996-09-19 00:00:00,9.0,9.0,11.0,3,211.0,0.0,1.0,0.0,0.0,0.0,0.0,0.0,7434.0,0.42,10166.0,10.0,0.9,0.0,0.24,"$25,000-49,999",True,2916.666667,0.0,0.0,0.0,0.0,0.0,0.0,0.0,7000,243.17,1.0,0,0,0.0,169
Unknown,36,1,0.0799,0.0765,0.0665,0.0535,0.013,0.0535,7.0,AA,10.0,1,WI,Engineer - Electrical,Full-time,54.0,True,False,Unknown,800.0,819.0,1999-02-04 00:00:00,14.0,13.0,31.0,12,501.0,0.0,4.0,0.0,0.0,0.0,0.0,0.0,16013.0,0.21,54155.0,28.0,1.0,1.0,0.16,"$75,000-99,999",True,7275.083333,1.0,17.0,17.0,0.0,0.0,10000.0,0.0,5000,155.88,1.0,0,0,0.0,172
B,36,1,0.12449,0.1175,0.1075,0.09834999999999999,,,4.0,Unknown,6.0,0,Unknown,Landscaping,Full-time,21.0,False,False,Unknown,680.0,699.0,1980-06-26 00:00:00,3.0,3.0,20.0,1,44.0,1.0,1.0,0.0,0.0,0.0,1.0,0.0,1050.0,0.0,0.0,19.0,0.57,0.0,0.15,"$50,000-74,999",True,5161.833333,0.0,0.0,0.0,0.0,0.0,0.0,0.0,6000,164.18,1.0,0,0,0.0,118
Unknown,36,0,0.25836,0.2355,0.2255,0.1502,0.07,0.1502,4.0,C,7.0,7,FL,Skilled Labor,Self-employed,103.0,False,True,3D4D3366260257624AB272D,760.0,779.0,1999-11-11 00:00:00,2.0,2.0,9.0,2,15.0,0.0,0.0,0.0,0.0,3.0,0.0,0.0,2118.0,0.12,14982.0,6.0,1.0,0.0,0.0694001199760048,"$50,000-74,999",False,5000.0,0.0,0.0,0.0,0.0,0.0,0.0,0.0,8900,347.07,1.0,0,0,0.0,315
Unknown,36,1,0.202,0.1799,0.1699,0.1669,0.0595,0.1074,5.0,B,8.0,1,SC,Other,Employed,1.0,True,False,Unknown,740.0,759.0,1997-02-27 00:00:00,9.0,8.0,24.0,4,197.0,0.0,0.0,0.0,0.0,0.0,1.0,0.0,3865.0,0.19,2905.0,16.0,1.0,1.0,0.35,"$25,000-49,999",True,3416.666667,0.0,0.0,0.0,0.0,0.0,0.0,0.0,7000,253.03,1.0,0,0,0.0,5
Unknown,12,1,0.18192,0.1246,0.1146,0.108,0.0574,0.0506,5.0,B,8.0,1,CA,Engineer - Electrical,Employed,204.0,False,False,Unknown,680.0,699.0,2005-07-12 00:00:00,7.0,7.0,13.0,5,155.0,1.0,8.0,0.0,0.0,0.0,0.0,0.0,11407.0,0.57,8493.0,13.0,0.92,0.0,0.15,"$100,000+",True,13100.0,0.0,0.0,0.0,0.0,0.0,0.0,0.0,10000,0.0,1.0,0,0,0.0,165
Unknown,36,1,0.2951,0.2599,0.2499,0.2437,0.108,0.1357,3.0,D,7.0,1,NC,Sales - Commission,Employed,6.0,False,False,Unknown,700.0,719.0,2005-07-07 00:00:00,2.0,2.0,5.0,2,54.0,0.0,0.0,0.0,0.0,0.0,0.0,0.0,3854.0,0.35,7146.0,5.0,0.8,0.0,0.15,"$25,000-49,999",True,2083.333333,0.0,0.0,0.0,0.0,0.0,0.0,0.0,6500,261.85,1.0,0,0,0.0,38
Unknown,36,1,0.22741999999999998,0.1902,0.1802,0.176,0.065,0.111,4.0,C,2.0,1,CT,Police Officer/Correction Officer,Employed,223.0,True,False,Unknown,760.0,779.0,1988-04-01 00:00:00,19.0,13.0,81.0,12,256.0,2.0,11.0,0.0,0.0,0.0,0.0,0.0,1357.0,0.02,14892.0,73.0,1.0,5.0,0.23,"$75,000-99,999",True,6916.666667,1.0,2.0,2.0,0.0,0.0,5000.0,0.0,4000,146.66,1.0,0,0,0.0,28
Unknown,36,0,0.37453000000000003,0.35,0.34,0.1399,0.18,0.1399,1.0,HR,4.0,7,NV,Tradesman - Mechanic,Full-time,31.0,True,False,Unknown,660.0,679.0,1988-12-01 00:00:00,15.0,13.0,53.0,11,778.0,2.0,12.0,0.0,0.0,0.0,0.0,0.0,35760.0,0.96,827.0,44.0,1.0,0.0,0.29,"$50,000-74,999",True,5931.416667,1.0,22.0,22.0,0.0,0.0,3000.0,1542.12,5000,226.18,1.0,0,1,4428.0,8
B,36,1,0.16235,0.148,0.138,0.12885,,,4.0,Unknown,6.0,1,WA,Other,Full-time,78.0,True,True,F17033811282558071CC091,700.0,719.0,1992-09-16 00:00:00,7.0,7.0,24.0,3,282.0,1.0,2.0,0.0,0.0,12.0,2.0,0.0,48193.0,1.0,1.0,22.0,0.68,0.0,0.14,"$75,000-99,999",True,6541.666667,0.0,0.0,0.0,0.0,0.0,0.0,0.0,7900,273.08,1.0,0,0,0.0,207
Unknown,36,1,0.13301,0.105,0.095,0.09202,0.0274,0.06462000000000001,6.0,A,8.0,1,IN,Laborer,Employed,66.0,True,False,Unknown,700.0,719.0,2001-08-19 00:00:00,13.0,13.0,34.0,11,333.0,0.0,1.0,0.0,0.0,0.0,0.0,0.0,5925.0,0.39,8975.0,18.0,0.83,0.0,0.16,"$50,000-74,999",True,4333.333333,0.0,0.0,0.0,0.0,0.0,0.0,0.0,6000,195.01,1.0,0,0,0.0,1
Unknown,60,0,0.26887,0.2433,0.2333,0.2278,0.0799,0.1479,4.0,C,8.0,10,AL,Administrative Assistant,Employed,61.0,False,False,Unknown,640.0,659.0,1993-04-01 00:00:00,6.0,6.0,21.0,7,442.0,0.0,0.0,0.0,0.0,0.0,1.0,0.0,11396.0,0.79,1407.0,21.0,1.0,0.0,0.15,"$50,000-74,999",True,4583.333333,0.0,0.0,0.0,0.0,0.0,0.0,0.0,8000,231.68,1.0,0,0,0.0,13
Unknown,60,1,0.21156,0.1874,0.1774,0.1668,0.0624,0.1044,4.0,C,6.0,1,KS,Executive,Employed,24.0,True,False,Unknown,760.0,779.0,1989-03-01 00:00:00,7.0,7.0,25.0,5,561.0,2.0,8.0,0.0,0.0,0.0,0.0,0.0,22455.0,0.8,5345.0,23.0,1.0,0.0,0.09,"$100,000+",True,15833.333333,0.0,0.0,0.0,0.0,0.0,0.0,0.0,25000,644.94,1.0,0,0,0.0,54
Unknown,36,1,0.08591,0.0825,0.0725,0.057,0.0155,0.057,7.0,AA,10.0,7,NC,Other,Employed,118.0,True,False,Unknown,760.0,779.0,1994-03-01 00:00:00,9.0,7.0,34.0,5,210.0,0.0,2.0,0.0,0.0,0.0,0.0,0.0,9473.0,0.21,35127.0,19.0,0.89,1.0,0.12,"$50,000-74,999",True,5583.333333,0.0,0.0,0.0,0.0,0.0,0.0,0.0,6000,188.71,1.0,0,0,0.0,195
Unknown,36,1,0.2353,0.1979,0.1879,0.1749,0.0774,0.0975,4.0,C,5.0,11,IL,Analyst,Employed,28.0,False,False,Unknown,680.0,699.0,2006-09-27 00:00:00,17.0,17.0,26.0,4,293.0,0.0,1.0,0.0,0.0,0.0,0.0,0.0,10149.0,0.69,4418.0,21.0,0.95,0.0,0.29,"$75,000-99,999",True,6825.0,0.0,0.0,0.0,0.0,0.0,0.0,0.0,15000,555.85,1.0,0,0,0.0,225
Unknown,60,1,0.29464,0.2684,0.2584,0.252,0.1025,0.1495,3.0,D,6.0,1,KS,Fireman,Employed,94.0,True,False,Unknown,700.0,719.0,2003-06-01 00:00:00,9.0,9.0,25.0,7,884.0,1.0,3.0,0.0,0.0,0.0,0.0,0.0,14986.0,0.66,6913.0,21.0,1.0,0.0,0.49,"$25,000-49,999",True,3875.0,0.0,0.0,0.0,0.0,0.0,0.0,0.0,15000,456.6,1.0,0,0,0.0,15
B,36,1,0.18454,0.17,0.16,0.15085,,,4.0,Unknown,6.0,3,OH,Professional,Full-time,94.0,True,False,Unknown,680.0,699.0,1993-08-09 00:00:00,26.0,24.0,47.0,17,1205.0,6.0,23.0,0.0,0.0,0.0,0.0,0.0,149347.0,0.84,27451.0,43.0,0.86,0.0,0.12,"$50,000-74,999",True,5416.666667,0.0,0.0,0.0,0.0,0.0,0.0,0.0,10000,354.42,1.0,0,0,0.0,313
Unknown,36,0,0.25781,0.2199,0.2099,0.2048,0.0925,0.1123,3.0,D,6.0,7,CA,Other,Other,55.0,True,False,Unknown,720.0,739.0,1976-11-01 00:00:00,13.0,13.0,28.0,13,1090.0,3.0,3.0,0.0,0.0,0.0,0.0,0.0,96743.0,0.85,16049.0,27.0,1.0,1.0,0.21,"$50,000-74,999",True,5575.583333,0.0,0.0,0.0,0.0,0.0,0.0,0.0,5000,190.93,1.0,0,0,0.0,83
B,36,1,0.19261,0.178,0.168,0.15885,,,4.0,Unknown,6.0,4,CA,Other,Full-time,28.0,False,False,Unknown,680.0,699.0,2000-08-17 00:00:00,4.0,4.0,6.0,3,267.0,0.0,3.0,0.0,0.0,0.0,0.0,0.0,11395.0,0.64,6405.0,6.0,0.66,0.0,0.3,"$25,000-49,999",True,3166.666667,1.0,13.0,13.0,0.0,0.0,4000.0,2796.81,15000,537.1,1.0,0,0,0.0,313
Unknown,36,1,0.30704000000000004,0.2835,0.2735,0.1667,0.1,0.1667,3.0,D,6.0,7,GA,Professional,Full-time,131.0,False,True,BA20339049003131177064E,740.0,759.0,1998-12-17 00:00:00,5.0,4.0,20.0,2,85.0,0.0,5.0,0.0,0.0,0.0,1.0,0.0,2698.0,0.71,577.0,16.0,0.93,0.0,0.42,"$1-24,999",True,1775.0,1.0,25.0,25.0,0.0,0.0,5000.0,1822.36,5000,207.76,1.0,0,0,0.0,73
E,36,1,0.34408,0.32,0.31,0.30085,,,4.0,Unknown,6.0,1,CT,Clerical,Full-time,16.0,False,False,Unknown,580.0,599.0,2001-01-27 00:00:00,14.0,14.0,17.0,13,289.0,0.0,9.0,0.0,0.0,0.0,0.0,0.0,8761.0,0.99,143.0,17.0,0.88,1.0,0.33,"$25,000-49,999",True,2500.0,0.0,0.0,0.0,0.0,0.0,0.0,0.0,3000,93.57,1.0,0,0,0.0,25
AA,36,1,0.0887,0.0715,0.0665,0.052349999999999994,,,4.0,Unknown,6.0,0,VA,Other,Part-time,0.0,True,True,D17D33657642555850349EB,820.0,839.0,1991-01-07 00:00:00,5.0,5.0,13.0,8,124.0,0.0,0.0,0.0,0.0,0.0,0.0,0.0,2230.0,0.01,190270.0,12.0,1.0,0.0,0.02,"$100,000+",True,8333.333333,0.0,0.0,0.0,0.0,0.0,0.0,0.0,1000,30.95,1.0,0,0,0.0,59
B,36,1,0.15417999999999998,0.1399,0.1299,0.12075,,,4.0,Unknown,6.0,1,FL,Car Dealer,Full-time,30.0,False,False,Unknown,680.0,699.0,1993-05-18 00:00:00,12.0,11.0,13.0,9,549.0,0.0,5.0,0.0,0.0,0.0,0.0,0.0,12612.0,0.51,11888.0,13.0,1.0,1.0,68.35,$0,False,0.0,0.0,0.0,0.0,0.0,0.0,0.0,0.0,2000,68.35,1.0,0,0,0.0,86
D,36,0,0.18725999999999998,0.18,0.17,0.16085,,,4.0,Unknown,6.0,0,CA,Realtor,Full-time,63.0,True,True,C9643379247860156A00EC0,620.0,639.0,1992-11-06 00:00:00,12.0,8.0,33.0,7,2552.0,19.0,47.0,0.0,0.0,2.0,1.0,0.0,279118.0,0.99,617.0,30.0,0.8,4.0,0.41,"$75,000-99,999",True,7700.0,0.0,0.0,0.0,0.0,0.0,0.0,0.0,9700,350.68,1.0,0,0,0.0,278
AA,36,1,0.08684,0.08,0.08,0.06085,,,4.0,Unknown,6.0,4,OH,Laborer,Part-time,18.0,True,False,Unknown,760.0,779.0,1986-12-01 00:00:00,5.0,5.0,15.0,4,83.0,1.0,3.0,0.0,0.0,9.0,0.0,0.0,2316.0,0.31,5034.0,15.0,0.86,1.0,0.22,"$25,000-49,999",True,2333.333333,0.0,0.0,0.0,0.0,0.0,0.0,0.0,3500,109.68,1.0,0,0,0.0,69
C,36,0,0.18666,0.1794,0.1694,0.16025,,,4.0,Unknown,6.0,0,CA,Other,Not employed,52.0,False,False,Unknown,660.0,679.0,1996-01-01 00:00:00,0.0,0.0,6.0,0,0.0,1.0,3.0,0.0,0.0,2.0,1.0,0.0,0.0,0.0,0.0,6.0,0.66,0.0,0.13,Not employed,True,856.0,0.0,0.0,0.0,0.0,0.0,0.0,0.0,3000,108.37,1.0,0,0,0.0,48
Unknown,60,1,0.14657,0.1329,0.1229,0.1225,0.026,0.0965,6.0,A,8.0,1,CA,Other,Employed,44.0,True,False,Unknown,780.0,799.0,1998-07-16 00:00:00,17.0,15.0,37.0,13,507.0,0.0,6.0,0.0,0.0,0.0,0.0,0.0,15434.0,0.28,37467.0,34.0,1.0,1.0,0.24,"$50,000-74,999",True,4750.0,3.0,36.0,36.0,0.0,0.0,11650.0,2148.83,12000,274.82,1.0,0,0,0.0,147
E,36,1,0.37453000000000003,0.35,0.34,0.33085,,,4.0,Unknown,6.0,7,CA,Professional,Full-time,117.0,False,False,Unknown,580.0,599.0,1993-08-11 00:00:00,14.0,13.0,38.0,12,1499.0,17.0,24.0,0.0,0.0,0.0,0.0,0.0,75787.0,0.94,5189.0,37.0,0.97,4.0,0.49,"$50,000-74,999",True,4166.666667,0.0,0.0,0.0,0.0,0.0,0.0,0.0,1000,45.24,1.0,0,0,0.0,14
C,36,0,0.18725999999999998,0.18,0.17,0.16085,,,4.0,Unknown,6.0,0,WA,Other,Full-time,228.0,True,False,Unknown,640.0,659.0,1987-10-16 00:00:00,14.0,14.0,31.0,11,208.0,6.0,9.0,3.0,5055.0,3.0,1.0,0.0,5353.0,0.39,6482.0,27.0,0.7,4.0,0.17,"$50,000-74,999",True,5833.333333,0.0,0.0,0.0,0.0,0.0,0.0,0.0,3800,137.38,1.0,0,0,0.0,41
Unknown,36,1,0.35643,0.3199,0.3099,0.2957,0.147,0.1487,2.0,E,5.0,7,AZ,Administrative Assistant,Employed,15.0,False,False,Unknown,680.0,699.0,1996-03-14 00:00:00,2.0,1.0,20.0,0,0.0,0.0,0.0,0.0,0.0,28.0,0.0,0.0,0.0,0.0,0.0,19.0,0.73,0.0,0.21,"$25,000-49,999",True,2833.333333,0.0,0.0,0.0,0.0,0.0,0.0,0.0,5000,217.74,1.0,0,0,0.0,25
Unknown,36,1,0.17359000000000002,0.1449,0.1349,0.1326,0.0565,0.0761,5.0,B,8.0,1,NY,Teacher,Employed,115.0,False,False,Unknown,720.0,739.0,1979-08-17 00:00:00,7.0,5.0,21.0,7,315.0,1.0,5.0,0.0,0.0,0.0,0.0,0.0,16175.0,0.44,20325.0,19.0,1.0,1.0,0.17,"$50,000-74,999",True,5166.666667,0.0,0.0,0.0,0.0,0.0,0.0,0.0,15000,516.24,1.0,0,0,0.0,264
HR,36,1,0.27255,0.2495,0.2395,0.23035,,,4.0,Unknown,6.0,1,OR,Student - College Junior,Full-time,75.0,False,False,Unknown,520.0,539.0,2004-11-29 00:00:00,9.0,8.0,14.0,7,208.0,8.0,11.0,0.0,0.0,0.0,0.0,0.0,5059.0,1.01,102.0,9.0,0.88,4.0,0.29,"$1-24,999",True,1700.6666670000002,0.0,0.0,0.0,0.0,0.0,0.0,0.0,1500,59.6,1.0,0,0,0.0,40
Unknown,36,1,0.27466999999999997,0.2399,0.2299,0.2243,0.1,0.1243,3.0,D,5.0,7,WI,Civil Service,Full-time,409.0,False,False,Unknown,640.0,659.0,1983-09-01 00:00:00,14.0,12.0,34.0,11,375.0,1.0,2.0,8.0,55.0,3.0,1.0,0.0,10048.0,0.97,222.0,28.0,0.79,1.0,0.21,"$50,000-74,999",True,4166.666667,3.0,82.0,82.0,0.0,0.0,10000.0,2243.94,3000,117.68,1.0,0,0,0.0,4
C,36,0,0.13625,0.115,0.105,0.09585,,,4.0,Unknown,6.0,4,FL,Executive,Full-time,71.0,False,False,Unknown,640.0,659.0,1998-01-15 00:00:00,16.0,13.0,21.0,10,170.0,3.0,21.0,0.0,0.0,0.0,1.0,0.0,2675.0,0.09,25275.0,21.0,1.0,0.0,0.19,"$75,000-99,999",True,7083.333333,1.0,10.0,10.0,0.0,0.0,7500.0,5731.09,1000,32.98,1.0,0,0,0.0,38
C,36,0,0.17722000000000002,0.17,0.16,0.15085,,,4.0,Unknown,6.0,0,CA,Professional,Self-employed,33.0,True,False,Unknown,660.0,679.0,1996-10-24 00:00:00,11.0,9.0,23.0,7,1726.0,4.0,6.0,0.0,0.0,0.0,0.0,0.0,128824.0,0.99,324.0,23.0,1.0,4.0,0.25,"$75,000-99,999",True,6250.0,0.0,0.0,0.0,0.0,0.0,0.0,0.0,5000,178.26,1.0,0,0,0.0,46
Unknown,36,1,0.23383,0.1999,0.1899,0.1855,0.087,0.0985,4.0,C,8.0,1,CA,Computer Programmer,Employed,3.0,False,False,Unknown,640.0,659.0,2005-01-02 00:00:00,8.0,6.0,8.0,5,467.0,2.0,2.0,0.0,0.0,0.0,0.0,0.0,16406.0,0.88,2141.0,8.0,1.0,0.0,0.08,"$75,000-99,999",True,6666.666667,0.0,0.0,0.0,0.0,0.0,0.0,0.0,2500,92.9,1.0,0,0,0.0,50
Unknown,60,1,0.15936,0.1364,0.1264,0.1259,0.0249,0.101,6.0,A,9.0,20,NY,Executive,Employed,74.0,False,False,Unknown,760.0,779.0,2006-06-01 00:00:00,10.0,10.0,17.0,10,312.0,1.0,2.0,0.0,0.0,0.0,0.0,0.0,6390.0,0.0,12500.0,15.0,1.0,1.0,0.03,"$100,000+",True,41666.666667000005,0.0,0.0,0.0,0.0,0.0,0.0,0.0,25000,577.05,1.0,0,0,0.0,43
Unknown,36,0,0.35796999999999995,0.3177,0.3077,0.2896,0.165,0.1246,1.0,HR,4.0,7,PA,Medical Technician,Employed,39.0,False,False,Unknown,660.0,679.0,1999-01-29 00:00:00,2.0,2.0,14.0,0,0.0,1.0,3.0,0.0,0.0,0.0,0.0,0.0,0.0,0.0,0.0,12.0,0.71,1.0,0.19,"$25,000-49,999",True,3000.0,0.0,0.0,0.0,0.0,0.0,0.0,0.0,4000,173.71,1.0,0,0,0.0,63
Unknown,36,1,0.38058000000000003,0.3435,0.3335,0.1761,0.142,0.1761,2.0,E,6.0,6,KS,Computer Programmer,Employed,89.0,True,False,Unknown,660.0,679.0,1996-08-22 00:00:00,4.0,2.0,39.0,3,53.0,1.0,5.0,8.0,16855.0,9.0,1.0,1.0,0.0,0.0,1000.0,34.0,0.82,0.0,0.02,"$75,000-99,999",True,7056.833333,0.0,0.0,0.0,0.0,0.0,0.0,0.0,2499,112.13,1.0,0,0,0.0,100
HR,36,1,0.3738,0.35,0.34,0.33085,,,4.0,Unknown,6.0,1,MN,Professional,Full-time,11.0,False,True,E6D73393282910294C68226,520.0,539.0,1997-10-13 00:00:00,4.0,5.0,22.0,2,30.0,4.0,17.0,10.0,5575.0,46.0,0.0,0.0,698.0,1.16,0.0,14.0,0.2,0.0,0.17,"$25,000-49,999",True,3833.333333,0.0,0.0,0.0,0.0,0.0,0.0,0.0,2575,116.48,1.0,0,0,0.0,25
Unknown,36,1,0.30532,0.2699,0.2599,0.2534,0.112,0.1414,3.0,D,5.0,3,CA,Professional,Employed,107.0,True,False,Unknown,740.0,759.0,1996-10-08 00:00:00,11.0,10.0,22.0,5,701.0,3.0,8.0,0.0,0.0,0.0,0.0,0.0,31194.0,0.77,9378.0,16.0,0.93,1.0,0.18,"$100,000+",True,11750.0,0.0,0.0,0.0,0.0,0.0,0.0,0.0,7870,321.26,0.787,0,0,0.0,138
Unknown,36,1,0.34045,0.3006,0.2906,0.2643,0.1475,0.1168,2.0,E,5.0,13,MI,Nurse (RN),Employed,109.0,True,False,Unknown,760.0,779.0,1979-08-01 00:00:00,14.0,14.0,43.0,11,1395.0,5.0,11.0,0.0,0.0,0.0,0.0,0.0,56092.0,0.6,34783.0,39.0,1.0,1.0,0.36,"$50,000-74,999",True,6000.0,0.0,0.0,0.0,0.0,0.0,0.0,0.0,4000,169.94,1.0,0,0,0.0,34
B,36,1,0.14843,0.1342,0.1242,0.11505000000000001,,,4.0,Unknown,6.0,2,OH,Engineer - Mechanical,Full-time,25.0,False,False,Unknown,700.0,719.0,2001-05-22 00:00:00,9.0,8.0,19.0,5,95.0,1.0,4.0,1.0,54.0,44.0,0.0,0.0,201.0,0.0,500.0,18.0,0.36,0.0,0.12,"$25,000-49,999",True,2333.333333,0.0,0.0,0.0,0.0,0.0,0.0,0.0,2175,73.73,1.0,0,0,0.0,95
Unknown,12,1,0.06799,0.0586,0.0486,0.048,0.0099,0.0381,7.0,AA,9.0,1,ID,Civil Service,Employed,39.0,True,False,Unknown,840.0,859.0,1997-10-28 00:00:00,7.0,7.0,17.0,4,95.0,2.0,3.0,0.0,0.0,0.0,0.0,0.0,10112.0,0.2,40288.0,16.0,0.93,0.0,0.17,"$50,000-74,999",True,4783.333333,0.0,0.0,0.0,0.0,0.0,0.0,0.0,6000,516.01,1.0,0,0,0.0,101
Unknown,60,0,0.27246,0.2468,0.2368,0.2312,0.089,0.1422,4.0,C,7.0,7,CA,Police Officer/Correction Officer,Employed,58.0,False,False,Unknown,660.0,679.0,2004-11-16 00:00:00,7.0,7.0,8.0,6,256.0,0.0,4.0,0.0,0.0,0.0,0.0,0.0,7858.0,0.51,4422.0,8.0,1.0,0.0,0.31,"$25,000-49,999",True,3333.333333,0.0,0.0,0.0,0.0,0.0,0.0,0.0,15000,437.46,1.0,0,0,0.0,48
Unknown,36,0,0.2951,0.2599,0.2499,0.2437,0.108,0.1357,3.0,D,5.0,1,IL,Engineer - Electrical,Employed,56.0,True,False,Unknown,760.0,779.0,2001-03-15 00:00:00,15.0,11.0,47.0,10,493.0,1.0,6.0,0.0,0.0,0.0,0.0,0.0,16585.0,0.53,14615.0,37.0,1.0,0.0,0.41,"$50,000-74,999",True,4166.666667,0.0,0.0,0.0,0.0,0.0,0.0,0.0,12504,503.74,0.8931,0,0,0.0,115
Unknown,60,1,0.20357999999999998,0.1845,0.1745,0.1715,0.0565,0.115,5.0,B,9.0,20,CA,Executive,Employed,4.0,False,False,Unknown,660.0,679.0,1991-03-01 00:00:00,10.0,8.0,18.0,9,720.0,2.0,4.0,0.0,0.0,2.0,0.0,0.0,32245.0,0.39,50105.0,15.0,0.8,0.0,0.13,"$100,000+",True,12500.0,0.0,0.0,0.0,0.0,0.0,0.0,0.0,15000,384.58,1.0,0,0,0.0,283
Unknown,36,1,0.11765999999999999,0.0899,0.0799,0.0797,0.02,0.0597,6.0,A,10.0,1,NY,Analyst,Employed,15.0,False,False,Unknown,740.0,759.0,2000-08-07 00:00:00,8.0,8.0,14.0,7,281.0,0.0,1.0,0.0,0.0,0.0,0.0,0.0,14147.0,0.26,38390.0,14.0,1.0,0.0,0.19,"$75,000-99,999",True,6250.0,1.0,5.0,5.0,0.0,0.0,3000.0,0.0,10000,317.95,1.0,1,0,0.0,179
HR,36,0,0.30564,0.29,0.27,0.27085,,,4.0,Unknown,6.0,0,NM,Food Service Management,Full-time,125.0,False,True,FEF83377364176536637E50,520.0,539.0,1995-10-05 00:00:00,12.0,8.0,24.0,4,140.0,6.0,10.0,9.0,3414.0,6.0,0.0,0.0,1468.0,1.06,55.0,18.0,0.58,11.0,0.27,"$1-24,999",True,1966.6666670000002,0.0,0.0,0.0,0.0,0.0,0.0,0.0,2501,104.81,1.0,0,0,0.0,12
Unknown,36,1,0.11647,0.113,0.103,0.0879,0.015,0.0879,7.0,AA,8.0,1,CA,Executive,Full-time,16.0,True,False,Unknown,820.0,839.0,1993-04-09 00:00:00,8.0,8.0,36.0,5,97.0,1.0,4.0,0.0,0.0,0.0,0.0,0.0,3879.0,0.43,5121.0,25.0,0.96,0.0,0.08,"$100,000+",True,10833.333333,0.0,0.0,0.0,0.0,0.0,0.0,0.0,7500,246.61,1.0,0,0,0.0,256
Unknown,36,0,0.33393,0.31,0.3,0.0324,0.25,0.0324,1.0,HR,2.0,7,OR,Other,Full-time,23.0,False,False,Unknown,600.0,619.0,1995-12-19 00:00:00,4.0,3.0,47.0,1,80.0,1.0,8.0,11.0,5788.0,26.0,2.0,0.0,878.0,2.5,0.0,30.0,0.38,0.0,0.08,"$25,000-49,999",True,3583.333333,1.0,22.0,20.0,2.0,0.0,1000.0,0.0,2000,86.0,1.0,0,0,0.0,59
B,36,0,0.17697000000000002,0.1625,0.1525,0.14335,,,4.0,Unknown,6.0,3,NY,Other,Full-time,83.0,False,False,Unknown,700.0,719.0,2003-03-05 00:00:00,6.0,5.0,11.0,6,202.0,0.0,2.0,0.0,0.0,0.0,0.0,0.0,9562.0,0.41,13438.0,10.0,1.0,0.0,0.34,"$25,000-49,999",True,4018.916667,0.0,0.0,0.0,0.0,0.0,0.0,0.0,15000,529.21,1.0,0,0,0.0,398
AA,36,1,0.07708,0.06,0.06,0.04085,,,4.0,Unknown,6.0,4,OH,Professional,Full-time,218.0,True,False,Unknown,840.0,859.0,1989-11-17 00:00:00,16.0,14.0,36.0,14,390.0,0.0,1.0,0.0,0.0,0.0,0.0,0.0,10892.0,0.06,143711.0,34.0,1.0,0.0,0.01,"$50,000-74,999",True,5000.0,0.0,0.0,0.0,0.0,0.0,0.0,0.0,1000,30.42,1.0,0,0,0.0,67
Unknown,60,0,0.28704,0.261,0.251,0.2448,0.099,0.1458,3.0,D,2.0,15,MD,Analyst,Employed,127.0,True,False,Unknown,680.0,699.0,1995-12-01 00:00:00,8.0,6.0,33.0,3,793.0,1.0,3.0,2.0,2389.0,1.0,0.0,0.0,144519.0,0.99,101.0,31.0,0.93,0.0,0.26,"$75,000-99,999",True,6500.0,1.0,9.0,9.0,0.0,0.0,5000.0,4151.03,6500,195.0,1.0,0,0,0.0,15
Unknown,36,1,0.30532,0.2699,0.2599,0.2534,0.112,0.1414,3.0,D,7.0,2,IL,Military Enlisted,Employed,207.0,False,False,Unknown,660.0,679.0,1993-12-29 00:00:00,12.0,11.0,39.0,8,365.0,0.0,3.0,0.0,0.0,0.0,0.0,0.0,13077.0,0.45,5367.0,39.0,0.87,0.0,0.28,"$75,000-99,999",True,6250.0,0.0,0.0,0.0,0.0,0.0,0.0,0.0,5500,224.51,1.0,0,1,1000.0,38
C,36,0,0.16617,0.159,0.139,0.13985,,,4.0,Unknown,6.0,0,MD,Principal,Full-time,11.0,True,True,91C333646338488393733C0,640.0,659.0,1992-09-14 00:00:00,26.0,24.0,54.0,17,2827.0,0.0,29.0,0.0,0.0,0.0,0.0,0.0,244905.0,0.85,32069.0,51.0,1.0,0.0,0.22,"$100,000+",True,18246.666666999998,0.0,0.0,0.0,0.0,0.0,0.0,0.0,14000,491.51,1.0,0,0,0.0,448
Unknown,36,1,0.35131999999999997,0.3149,0.3049,0.2909,0.147,0.1439,2.0,E,1.0,7,VA,Computer Programmer,Self-employed,28.0,True,False,Unknown,800.0,819.0,1996-12-01 00:00:00,16.0,14.0,54.0,8,434.0,7.0,12.0,0.0,0.0,0.0,0.0,0.0,20901.0,0.41,27383.0,49.0,0.87,1.0,0.016571409119816374,"$100,000+",False,19583.333333000002,0.0,0.0,0.0,0.0,0.0,0.0,0.0,7500,324.54,1.0,0,0,0.0,91
Unknown,36,0,0.33393,0.31,0.3,0.1392,0.147,0.1392,2.0,E,8.0,1,PA,Sales - Retail,Part-time,21.0,False,False,Unknown,620.0,639.0,1990-01-02 00:00:00,10.0,10.0,21.0,9,365.0,0.0,3.0,0.0,0.0,0.0,0.0,0.0,13528.0,0.93,822.0,19.0,1.0,1.0,0.35,"$25,000-49,999",True,2083.333333,1.0,5.0,5.0,0.0,0.0,1500.0,0.0,2000,86.0,1.0,1,0,0.0,72
Unknown,36,0,0.24758000000000002,0.2099,0.1999,0.1952,0.0849,0.1103,4.0,C,6.0,13,GA,Sales - Retail,Self-employed,11.0,True,False,Unknown,800.0,819.0,1998-01-31 00:00:00,10.0,9.0,15.0,7,259.0,0.0,0.0,0.0,0.0,0.0,0.0,0.0,16588.0,0.31,36712.0,13.0,0.92,0.0,0.23494802498559858,"$25,000-49,999",False,2083.333333,0.0,0.0,0.0,0.0,0.0,0.0,0.0,13000,489.71,1.0,0,0,0.0,55
C,36,0,0.18781,0.1659,0.1559,0.14675,,,4.0,Unknown,6.0,7,MA,Engineer - Mechanical,Full-time,17.0,True,False,Unknown,640.0,659.0,1999-08-24 00:00:00,14.0,14.0,27.0,12,813.0,7.0,14.0,0.0,0.0,0.0,0.0,0.0,35919.0,0.77,10631.0,26.0,1.0,2.0,0.23,"$50,000-74,999",True,5000.0,0.0,0.0,0.0,0.0,0.0,0.0,0.0,2250,79.76,1.0,0,0,0.0,73
Unknown,36,1,0.08341,0.08,0.07,0.07,0.0155,0.0545,7.0,AA,10.0,1,CA,Executive,Employed,61.0,False,False,Unknown,800.0,819.0,1981-06-01 00:00:00,8.0,7.0,22.0,9,574.0,2.0,3.0,0.0,0.0,0.0,2.0,0.0,4958.0,0.22,17442.0,21.0,0.95,0.0,0.07,"$100,000+",True,18333.333333000002,0.0,0.0,0.0,0.0,0.0,0.0,0.0,25000,783.41,1.0,0,0,0.0,170
E,36,0,0.37453000000000003,0.35,0.34,0.33085,,,4.0,Unknown,6.0,1,CA,Clerical,Full-time,65.0,True,False,Unknown,580.0,599.0,1995-11-24 00:00:00,19.0,17.0,34.0,14,361.0,1.0,30.0,0.0,0.0,12.0,0.0,0.0,11596.0,0.75,3564.0,25.0,0.88,6.0,0.24,"$25,000-49,999",True,3246.666667,0.0,0.0,0.0,0.0,0.0,0.0,0.0,1850,83.69,1.0,1,0,0.0,10
Unknown,36,1,0.08191,0.0785,0.0685,0.0555,0.013,0.0555,7.0,AA,10.0,1,MI,Executive,Full-time,201.0,True,False,Unknown,780.0,799.0,1992-06-12 00:00:00,9.0,9.0,30.0,4,313.0,0.0,0.0,0.0,0.0,0.0,0.0,0.0,8217.0,0.41,11783.0,25.0,0.84,0.0,0.14,"$100,000+",True,15000.0,1.0,30.0,30.0,0.0,0.0,17000.0,3351.87,11500,359.57,1.0,0,0,0.0,375
Unknown,36,0,0.30532,0.2699,0.2599,0.2534,0.108,0.1454,3.0,D,6.0,6,OR,Other,Employed,1.0,False,False,Unknown,640.0,659.0,1998-12-08 00:00:00,8.0,8.0,14.0,5,219.0,0.0,0.0,0.0,0.0,0.0,0.0,0.0,9469.0,0.89,556.0,14.0,1.0,1.0,0.08161279573475508,"$25,000-49,999",False,3000.0,0.0,0.0,0.0,0.0,0.0,0.0,0.0,6000,244.92,1.0,0,0,0.0,126
Unknown,36,1,0.25424,0.2199,0.2099,0.2048,0.098,0.1068,3.0,D,6.0,7,UT,Sales - Commission,Employed,12.0,False,False,Unknown,660.0,679.0,1991-04-23 00:00:00,2.0,2.0,35.0,0,0.0,0.0,8.0,0.0,0.0,17.0,1.0,0.0,0.0,0.0,0.0,30.0,0.7,0.0,0.06,"$25,000-49,999",True,3806.833333,2.0,46.0,46.0,0.0,0.0,2000.0,703.0,2900,110.74,1.0,0,0,0.0,17
Unknown,36,1,0.15803,0.1365,0.1265,0.0749,0.0495,0.0749,5.0,B,8.0,2,MO,Engineer - Mechanical,Full-time,309.0,True,False,Unknown,780.0,799.0,1987-12-01 00:00:00,10.0,8.0,34.0,3,358.0,1.0,8.0,0.0,0.0,0.0,0.0,0.0,10963.0,0.28,27037.0,28.0,0.96,2.0,0.13,"$100,000+",True,10000.0,1.0,8.0,8.0,0.0,0.0,5000.0,3982.56,15000,510.12,1.0,0,0,0.0,290
Unknown,36,0,0.30532,0.2699,0.2599,0.2534,0.112,0.1414,3.0,D,5.0,1,KY,Other,Not employed,28.0,True,False,Unknown,740.0,759.0,1999-03-17 00:00:00,7.0,6.0,12.0,4,124.0,1.0,1.0,1.0,75.0,0.0,1.0,0.0,888.0,0.15,2789.0,11.0,0.75,4.0,204.1,Not employed,False,0.0,0.0,0.0,0.0,0.0,0.0,0.0,0.0,5000,204.1,1.0,0,0,0.0,7
A,36,0,0.12402,0.11,0.1,0.09085,,,4.0,Unknown,6.0,4,IL,Skilled Labor,Full-time,3.0,False,False,Unknown,720.0,739.0,2003-10-30 00:00:00,5.0,5.0,6.0,6,175.0,0.0,1.0,0.0,0.0,0.0,0.0,0.0,2700.0,0.28,7044.0,6.0,0.83,0.0,0.16,"$25,000-49,999",True,2083.333333,0.0,0.0,0.0,0.0,0.0,0.0,0.0,5000,163.69,1.0,0,0,0.0,100
C,36,1,0.15200999999999998,0.1449,0.1349,0.12575,,,4.0,Unknown,6.0,0,MI,Other,Full-time,125.0,False,True,C80D337515684920818AB06,640.0,659.0,1997-03-01 00:00:00,8.0,5.0,23.0,3,114.0,0.0,3.0,1.0,276.0,0.0,0.0,0.0,3183.0,0.96,82.0,16.0,0.88,2.0,0.44,"$1-24,999",True,1906.6666670000002,0.0,0.0,0.0,0.0,0.0,0.0,0.0,2880,99.12,1.0,0,0,0.0,113
Unknown,60,1,0.1263,0.1129,0.1029,0.1026,0.0325,0.0701,6.0,A,9.0,1,MO,Computer Programmer,Full-time,34.0,True,True,F8013365348383883315629,740.0,759.0,1986-03-01 00:00:00,8.0,7.0,25.0,3,304.0,0.0,1.0,0.0,0.0,0.0,0.0,0.0,15130.0,0.54,12570.0,25.0,1.0,0.0,0.17,"$75,000-99,999",True,7083.333333,3.0,52.0,52.0,0.0,0.0,9100.0,1108.44,19335,423.18,0.9206,0,0,0.0,241
Unknown,36,1,0.36286,0.3385,0.3285,0.1734,0.14,0.1734,2.0,E,6.0,3,MO,Other,Full-time,121.0,False,False,Unknown,660.0,679.0,1996-02-21 00:00:00,8.0,7.0,28.0,4,129.0,0.0,3.0,0.0,0.0,0.0,0.0,0.0,3371.0,0.79,568.0,24.0,0.8,1.0,0.14,"$100,000+",True,10416.666667,1.0,35.0,35.0,0.0,0.0,6000.0,197.71,7500,334.41,1.0,0,0,0.0,255
Unknown,36,0,0.38723,0.35,0.34,0.0799,0.24,0.0799,1.0,HR,3.0,1,VA,Military Enlisted,Employed,216.0,False,False,Unknown,680.0,699.0,1993-12-19 00:00:00,10.0,9.0,63.0,8,410.0,4.0,5.0,0.0,0.0,0.0,0.0,0.0,6143.0,0.22,8857.0,46.0,0.97,3.0,0.36,"$75,000-99,999",True,6666.666667,0.0,0.0,0.0,0.0,0.0,0.0,0.0,7500,339.27,1.0,1,1,2000.0,31
Unknown,12,1,0.23554,0.1576,0.1476,0.1443,0.088,0.0563,4.0,C,7.0,13,MA,Accountant/CPA,Employed,71.0,False,False,Unknown,640.0,659.0,2002-08-30 00:00:00,5.0,5.0,22.0,5,99.0,1.0,3.0,0.0,0.0,4.0,0.0,0.0,3073.0,0.59,2127.0,19.0,0.47,0.0,0.08,"$50,000-74,999",True,5500.0,0.0,0.0,0.0,0.0,0.0,0.0,0.0,2000,181.23,1.0,0,0,0.0,9
Unknown,36,0,0.39153000000000004,0.35,0.34,0.1369,0.183,0.1369,1.0,HR,5.0,2,TX,Construction,Full-time,12.0,False,False,Unknown,640.0,659.0,1999-07-03 00:00:00,0.0,0.0,28.0,0,0.0,1.0,1.0,1.0,1078.0,0.0,0.0,0.0,0.0,0.0,0.0,26.0,0.96,0.0,0.01,"$50,000-74,999",True,4750.0,0.0,0.0,0.0,0.0,0.0,0.0,0.0,1500,67.85,1.0,0,0,0.0,44
Unknown,60,1,0.20357999999999998,0.1845,0.1745,0.1715,0.0595,0.112,5.0,B,8.0,3,FL,Truck Driver,Employed,8.0,False,False,Unknown,660.0,679.0,2005-12-07 00:00:00,6.0,5.0,7.0,5,167.0,0.0,3.0,0.0,0.0,0.0,0.0,0.0,3855.0,0.71,1406.0,7.0,1.0,0.0,0.14,"$25,000-49,999",True,3750.0,0.0,0.0,0.0,0.0,0.0,0.0,0.0,12000,307.67,1.0,0,0,0.0,33
HR,36,1,0.37453000000000003,0.35,0.34,0.33085,,,4.0,Unknown,6.0,3,NV,Car Dealer,Self-employed,100.0,False,False,Unknown,520.0,539.0,1998-09-27 00:00:00,1.0,0.0,12.0,0,0.0,0.0,0.0,11.0,12439.0,24.0,0.0,0.0,0.0,0.0,0.0,4.0,0.09,0.0,0.019383033419023137,"$25,000-49,999",False,3500.0,0.0,0.0,0.0,0.0,0.0,0.0,0.0,2800,67.86,1.0,0,0,0.0,1
B,36,1,0.16435999999999998,0.15,0.14,0.13085,,,4.0,Unknown,6.0,1,MN,Teacher,Part-time,108.0,True,False,Unknown,680.0,699.0,1990-01-24 00:00:00,7.0,7.0,23.0,7,834.0,2.0,7.0,0.0,0.0,0.0,0.0,0.0,42148.0,0.95,2152.0,19.0,1.0,0.0,0.24,"$50,000-74,999",True,4166.666667,0.0,0.0,0.0,0.0,0.0,0.0,0.0,5000,173.33,1.0,0,0,0.0,163
Unknown,36,1,0.30130999999999997,0.2624,0.2524,0.22987,0.1325,0.09737,2.0,E,2.0,1,GA,Administrative Assistant,Employed,195.0,True,False,Unknown,680.0,699.0,1994-09-14 00:00:00,14.0,13.0,48.0,12,485.0,1.0,7.0,0.0,0.0,9.0,1.0,0.0,9800.0,0.4,13009.0,46.0,0.82,3.0,0.31,"$25,000-49,999",True,3583.333333,0.0,0.0,0.0,0.0,0.0,0.0,0.0,4000,161.67,1.0,0,0,0.0,1
D,36,0,0.32378,0.3,0.29,0.28085,,,4.0,Unknown,6.0,1,MD,Skilled Labor,Full-time,254.0,True,False,Unknown,620.0,639.0,1995-11-01 00:00:00,7.0,6.0,14.0,4,106.0,6.0,30.0,0.0,0.0,0.0,1.0,0.0,10521.0,0.72,860.0,13.0,0.92,2.0,0.09,"$50,000-74,999",True,6145.166667,0.0,0.0,0.0,0.0,0.0,0.0,0.0,4000,169.81,1.0,0,0,0.0,87
D,36,1,0.2425,0.235,0.225,0.21585,,,4.0,Unknown,6.0,0,IL,Sales - Commission,Full-time,21.0,True,False,Unknown,620.0,639.0,1992-12-21 00:00:00,11.0,10.0,38.0,5,293.0,6.0,44.0,0.0,0.0,0.0,1.0,0.0,8975.0,0.98,165.0,30.0,0.86,0.0,0.2,"$25,000-49,999",True,3750.0,0.0,0.0,0.0,0.0,0.0,0.0,0.0,3500,115.82,1.0,0,0,0.0,23
Unknown,36,1,0.29265,0.2575,0.2475,0.1434,0.098,0.1434,3.0,D,6.0,1,FL,Military Officer,Employed,230.0,True,False,Unknown,700.0,719.0,1992-05-28 00:00:00,10.0,9.0,23.0,8,616.0,0.0,4.0,0.0,0.0,0.0,0.0,0.0,18475.0,0.81,2619.0,23.0,1.0,0.0,0.27,"$75,000-99,999",True,6250.0,1.0,23.0,23.0,0.0,0.0,5000.0,1979.69,13000,522.05,1.0,1,1,2000.0,242
B,36,1,0.1281,0.1105,0.1005,0.09135,,,4.0,Unknown,6.0,4,WA,Other,Full-time,59.0,True,False,Unknown,680.0,699.0,1988-10-28 00:00:00,9.0,6.0,25.0,4,450.0,1.0,3.0,0.0,0.0,2.0,1.0,0.0,29283.0,1.0,0.0,23.0,0.69,1.0,0.1,"$25,000-49,999",True,3416.666667,0.0,0.0,0.0,0.0,0.0,0.0,0.0,1000,32.76,1.0,0,0,0.0,35
Unknown,60,0,0.23318000000000003,0.2085,0.1985,0.195,0.0565,0.1385,5.0,B,8.0,1,NY,Teacher,Employed,20.0,True,False,Unknown,720.0,739.0,1998-05-22 00:00:00,2.0,2.0,17.0,2,138.0,1.0,3.0,4.0,11615.0,17.0,0.0,0.0,7088.0,0.25,20512.0,12.0,0.69,0.0,0.1,"$50,000-74,999",True,5416.666667,0.0,0.0,0.0,0.0,0.0,0.0,0.0,15000,404.54,1.0,0,0,0.0,7
Unknown,36,1,0.35796999999999995,0.3177,0.3077,0.2896,0.165,0.1246,1.0,HR,2.0,1,TX,Sales - Commission,Self-employed,285.0,False,False,Unknown,700.0,719.0,1964-10-01 00:00:00,2.0,2.0,8.0,4,678.0,0.0,0.0,0.0,0.0,0.0,0.0,0.0,5014.0,1.1,0.0,7.0,1.0,0.0,0.03125969767005841,"$50,000-74,999",False,4166.666667,0.0,0.0,0.0,0.0,0.0,0.0,0.0,3000,130.28,1.0,0,0,0.0,59
Unknown,36,1,0.20268,0.166,0.156,0.14661,0.0624,0.08421000000000001,4.0,C,5.0,2,WA,Analyst,Employed,145.0,True,False,Unknown,680.0,699.0,2000-11-15 00:00:00,6.0,6.0,26.0,3,40.0,3.0,6.0,1.0,1181.0,15.0,1.0,0.0,990.0,0.36,1120.0,25.0,0.72,2.0,0.12,"$50,000-74,999",True,5916.666667,0.0,0.0,0.0,0.0,0.0,0.0,0.0,7000,248.18,1.0,0,0,0.0,51
Unknown,36,1,0.24758000000000002,0.2099,0.1999,0.1952,0.0849,0.1103,4.0,C,7.0,2,FL,Other,Employed,153.0,True,False,Unknown,720.0,739.0,1994-10-04 00:00:00,16.0,14.0,52.0,14,533.0,1.0,5.0,0.0,0.0,0.0,0.0,0.0,23299.0,0.59,15824.0,48.0,1.0,0.0,0.32,"$25,000-49,999",True,3666.666667,0.0,0.0,0.0,0.0,0.0,0.0,0.0,5000,188.35,1.0,0,0,0.0,81
Unknown,36,1,0.27285,0.2346,0.2246,0.2064,0.1025,0.1039,3.0,D,6.0,1,WA,Clerical,Employed,3.0,False,False,Unknown,660.0,679.0,2003-10-03 00:00:00,7.0,5.0,16.0,4,131.0,0.0,2.0,0.0,0.0,0.0,0.0,0.0,4843.0,0.66,2423.0,14.0,1.0,1.0,0.15,"$25,000-49,999",True,3750.0,0.0,0.0,0.0,0.0,0.0,0.0,0.0,6000,233.7,1.0,0,0,0.0,1
Unknown,36,0,0.37853000000000003,0.3415,0.3315,0.1742,0.142,0.1742,2.0,E,6.0,1,CA,Retail Management,Employed,18.0,False,False,Unknown,640.0,659.0,1999-12-15 00:00:00,5.0,3.0,12.0,0,0.0,0.0,3.0,0.0,0.0,0.0,0.0,0.0,0.0,0.0,0.0,11.0,0.9,0.0,0.22,"$25,000-49,999",True,3333.333333,0.0,0.0,0.0,0.0,0.0,0.0,0.0,7500,335.67,1.0,0,0,0.0,73
Unknown,36,1,0.30532,0.2699,0.2599,0.2534,0.112,0.1414,3.0,D,5.0,1,NC,Other,Employed,182.0,True,False,Unknown,720.0,739.0,1990-12-01 00:00:00,12.0,10.0,53.0,7,994.0,0.0,1.0,0.0,0.0,0.0,0.0,0.0,29161.0,0.84,4436.0,49.0,0.95,1.0,0.42,"$75,000-99,999",True,6833.333333,0.0,0.0,0.0,0.0,0.0,0.0,0.0,10000,408.2,1.0,0,0,0.0,9
Unknown,60,1,0.28704,0.261,0.251,0.2448,0.099,0.1458,3.0,D,5.0,1,MO,Clerical,Employed,190.0,True,True,4707336438924330015F446,620.0,639.0,1990-08-07 00:00:00,18.0,13.0,52.0,8,309.0,1.0,9.0,0.0,0.0,0.0,0.0,0.0,6050.0,0.28,7934.0,48.0,0.87,0.0,0.47,"$50,000-74,999",True,4612.833333,4.0,120.0,88.0,32.0,0.0,19000.0,2908.22,15000,450.0,1.0,0,0,0.0,172
Unknown,36,1,0.35356,0.3134,0.3034,0.276,0.1575,0.1185,1.0,HR,2.0,20,NY,Teacher,Employed,16.0,False,False,Unknown,700.0,719.0,2000-08-29 00:00:00,4.0,4.0,32.0,5,227.0,0.0,1.0,0.0,0.0,0.0,0.0,0.0,6688.0,0.48,7048.0,8.0,0.75,0.0,0.66,"$1-24,999",True,2000.0,0.0,0.0,0.0,0.0,0.0,0.0,0.0,4000,172.76,1.0,0,0,0.0,82
